start,gu_score_mean,gu_score_median,gu_score_std,GU_frac_mean,motif_count_mean,count
0,1.092,1.125,0.18401974162062734,0.522,3.8,50
8,1.0909999999999997,1.1749999999999998,0.18431893388297116,0.5569999999999999,3.56,50
16,0.5185,0.5,0.037732273848734864,0.4885,0.2,50
24,0.54,0.525,0.030304576336566195,0.51,0.2,50
32,0.461,0.475,0.030371845179241852,0.461,0.0,50
40,0.9,1.025,0.2525381361380527,0.54,2.4,50
48,0.9309999999999999,0.975,0.13349310155684188,0.505,2.84,50
56,1.035,1.025,0.020203050891044176,0.5549999999999999,3.2,50
64,0.955,0.9249999999999999,0.06060915267313261,0.475,3.2,50
72,0.642,0.525,0.23644043992653432,0.522,0.8,50
80,0.59,0.45,0.28284271247461895,0.47,0.8,50
88,0.462,0.45,0.024866993122184596,0.462,0.0,50
96,0.41700000000000004,0.4,0.03478798760538834,0.41700000000000004,0.0,50
104,0.473,0.475,0.006851187890446714,0.473,0.0,50
112,0.54,0.425,0.2323350852470084,0.45,0.6,50
120,0.535,0.425,0.22223355980148635,0.445,0.6,50
128,0.536,0.425,0.22441306666456817,0.446,0.6,50
136,0.511,0.4,0.22441306666456817,0.42100000000000004,0.6,50
144,0.451,0.325,0.25469870155033886,0.361,0.6,50
152,0.40800000000000003,0.4,0.02109260437176199,0.40800000000000003,0.0,50
160,0.424,0.425,0.004948716593053937,0.424,0.0,50
168,0.42700000000000005,0.4,0.07385866259834607,0.409,0.12,50
176,0.511,0.5,0.044652856023107916,0.493,0.12,50
184,0.708,0.75,0.09111553553772563,0.57,0.92,50
192,0.687,0.725,0.09150666307846175,0.5489999999999999,0.92,50
200,0.625,0.65,0.05758755534498964,0.48700000000000004,0.92,50
208,0.6190000000000001,0.675,0.11322724125962491,0.49900000000000005,0.8,50
216,0.569,0.625,0.11322724125962488,0.449,0.8,50
224,0.419,0.425,0.01293626448305344,0.419,0.0,50
232,0.40700000000000003,0.4,0.01958758457257445,0.40700000000000003,0.0,50
240,0.44799999999999995,0.45,0.014142135623730937,0.44799999999999995,0.0,50
248,0.573,0.6,0.055291435658181794,0.45299999999999996,0.8,50
256,0.606,0.575,0.06319713245884194,0.456,1.0,50
264,0.624,0.6,0.04973398624436929,0.474,1.0,50
272,0.61,0.6,0.020203050891044256,0.46,1.0,50
280,0.615,0.6,0.030304576336566292,0.465,1.0,50
288,0.475,0.425,0.10101525445522128,0.445,0.2,50
296,0.41300000000000003,0.4,0.02684042032579421,0.41300000000000003,0.0,50
304,0.41100000000000003,0.4,0.024825924567118234,0.41100000000000003,0.0,50
312,0.456,0.45,0.016413036132965797,0.456,0.0,50
320,0.42,0.4,0.048968961431436045,0.40800000000000003,0.08,50
328,0.44,0.425,0.04103259033241451,0.428,0.08,50
336,0.49700000000000005,0.5,0.033745748031479186,0.485,0.08,50
344,0.461,0.45,0.04952838806674205,0.449,0.08,50
352,0.41700000000000004,0.4,0.04776643856371568,0.405,0.08,50
360,0.45,0.45,0.0,0.45,0.0,50
368,0.418,0.425,0.01518592258962094,0.418,0.0,50
376,0.528,0.55,0.044789758304545416,0.40800000000000003,0.8,50
384,0.6829999999999999,0.75,0.13547347055600878,0.44300000000000006,1.6,50
392,0.696,0.75,0.10965623464225992,0.456,1.6,50
400,0.6859999999999999,0.75,0.12977217084772302,0.446,1.6,50
408,0.72,0.7749999999999999,0.11111677990074316,0.48,1.6,50
416,0.531,0.55,0.03994894701174162,0.41100000000000003,0.8,50
424,0.433,0.425,0.017083229633002017,0.433,0.0,50
432,0.41600000000000004,0.425,0.024619554199448675,0.41600000000000004,0.0,50
440,0.37,0.35,0.04040610178208848,0.37,0.0,50
448,0.355,0.35,0.010101525445522154,0.355,0.0,50
456,0.39,0.375,0.06308400618805604,0.37799999999999995,0.08,50
464,0.381,0.325,0.1214873807169674,0.33899999999999997,0.28,50
472,0.45,0.4,0.10473484499010857,0.40800000000000003,0.28,50
480,0.546,0.525,0.06131218209678554,0.504,0.28,50
488,0.557,0.55,0.015185922589620858,0.527,0.2,50
496,0.7460000000000001,0.8,0.11576718367623243,0.6080000000000001,0.92,50
504,0.689,0.725,0.08514093957572201,0.5509999999999999,0.92,50
512,0.7760000000000001,0.8500000000000001,0.15443775577287855,0.518,1.72,50
520,0.831,0.9249999999999999,0.19381771364467434,0.45299999999999996,2.52,50
528,0.829,0.9249999999999999,0.19893594497747666,0.451,2.52,50
536,0.674,0.725,0.11214058232451637,0.41600000000000004,1.72,50
544,0.7380000000000001,0.8,0.12958331966226938,0.48,1.72,50
552,0.47800000000000004,0.45,0.06558994447570861,0.46,0.12,50
560,0.508,0.475,0.0744777737013548,0.49,0.12,50
568,0.546,0.45,0.19777847843133045,0.498,0.32,50
576,0.5489999999999999,0.475,0.15591729885305433,0.5009999999999999,0.32,50
584,0.589,0.5,0.1851750412943584,0.511,0.52,50
592,0.611,0.5,0.2275737153503614,0.503,0.72,50
600,0.6240000000000001,0.525,0.20484937223756014,0.516,0.72,50
608,0.51,0.45,0.1212183053462654,0.45,0.4,50
616,0.49199999999999994,0.425,0.13547347055600878,0.43199999999999994,0.4,50
624,0.46399999999999997,0.425,0.07956514466082464,0.434,0.2,50
632,0.431,0.425,0.020553563671340223,0.431,0.0,50
640,0.5539999999999999,0.575,0.04384574072349376,0.434,0.8,50
648,0.6040000000000001,0.65,0.09359051059519542,0.484,0.8,50
656,0.594,0.625,0.06359951225586302,0.474,0.8,50
664,0.527,0.55,0.04679525529759773,0.40700000000000003,0.8,50
672,0.56,0.575,0.030304576336566285,0.44,0.8,50
680,0.7489999999999999,0.7749999999999999,0.08906544257580765,0.473,1.84,50
688,1.004,1.1,0.2068569455405531,0.488,3.44,50
696,1.0290000000000001,1.125,0.2068569455405531,0.513,3.44,50
704,1.077,1.1749999999999998,0.2126029162546929,0.5609999999999999,3.44,50
712,1.1369999999999998,1.15,0.18994091455083645,0.537,4.0,50
720,0.5479999999999999,0.45,0.22956480566497992,0.46399999999999997,0.56,50
728,0.5309999999999999,0.425,0.24632813688332098,0.44699999999999995,0.56,50
736,0.516,0.425,0.22049110306452788,0.43200000000000005,0.56,50
744,0.495,0.4,0.22154374884672606,0.41100000000000003,0.56,50
752,0.893,0.9249999999999999,0.06488608542386158,0.473,2.8,50
760,0.9789999999999999,0.9249999999999999,0.11773370158878015,0.48100000000000004,3.32,50
768,0.968,0.8999999999999999,0.14133474521179018,0.47,3.32,50
776,1.113,1.075,0.08364160667602547,0.495,4.12,50
784,1.1320000000000001,1.1,0.0816038214391298,0.514,4.12,50
792,0.7989999999999999,0.7749999999999999,0.06565214453186327,0.48100000000000004,2.12,50
800,0.887,1.0,0.22836151074959357,0.527,2.4,50
808,0.9219999999999999,1.0499999999999998,0.2586582332589724,0.5619999999999999,2.4,50
816,0.8009999999999999,0.8999999999999999,0.200316076769302,0.561,1.6,50
824,0.9930000000000001,1.1,0.22963147050197183,0.609,2.56,50
832,0.89,0.875,0.030304576336566285,0.56,2.2,50
840,0.7310000000000001,0.675,0.1136769500804443,0.521,1.4,50
848,0.715,0.65,0.13420210162897095,0.493,1.48,50
856,0.696,0.625,0.1501156017126502,0.474,1.48,50
864,0.455,0.375,0.1616244071283537,0.395,0.4,50
872,0.5145,0.475,0.09273205860907842,0.4725,0.28,50
880,0.5195,0.425,0.1966745213466624,0.4475,0.48,50
888,0.5375,0.4,0.28630519252243086,0.4415,0.64,50
896,0.7204999999999999,0.575,0.3033272126914822,0.47450000000000003,1.64,50
904,0.9185000000000001,0.8500000000000001,0.17553199022353944,0.5645,2.36,50
912,0.826,0.75,0.2142238005794265,0.484,2.28,50
920,0.752,0.75,0.04995916700013063,0.46399999999999997,1.92,50
928,0.9309999999999999,0.975,0.09696412128373323,0.523,2.72,50
936,0.698,0.7749999999999999,0.15566185224677864,0.45799999999999996,1.6,50
944,0.5469999999999999,0.575,0.05683847504022221,0.42699999999999994,0.8,50
952,0.888,1.0,0.22634180401529438,0.528,2.4,50
960,0.882,1.0,0.238460196481766,0.522,2.4,50
968,0.737,0.825,0.17787291955270787,0.49700000000000005,1.6,50
976,0.7880000000000001,0.8500000000000001,0.1347938713558671,0.536,1.68,50
984,1.155,1.275,0.24400986932198182,0.513,4.28,50
992,0.8439999999999999,0.8999999999999999,0.11958260743101391,0.442,2.68,50
1000,0.932,0.95,0.049239108398897335,0.5,2.88,50
1008,0.8749999999999999,0.8999999999999999,0.05050762722761056,0.455,2.8,50
1016,0.52,0.425,0.22154374884672612,0.436,0.56,50
1024,0.5479999999999999,0.475,0.1595465513284957,0.482,0.44,50
1032,0.5760000000000001,0.425,0.31220741404994723,0.45,0.84,50
1040,0.863,0.825,0.09796917466057106,0.527,2.24,50
1048,0.9009999999999999,0.875,0.08466018508588029,0.565,2.24,50
1056,0.9430000000000001,0.8500000000000001,0.1879698195488428,0.553,2.6,50
1064,1.0459999999999998,1.0499999999999998,0.03956394978321783,0.578,3.12,50
1072,1.047,1.075,0.05683847504022227,0.597,3.0,50
1080,0.6629999999999999,0.6,0.1273994201120946,0.45299999999999996,1.4,50
1088,0.619,0.575,0.11434819720521021,0.433,1.24,50
1096,0.527,0.55,0.04679525529759773,0.40700000000000003,0.8,50
1104,0.308,0.275,0.06689925413696056,0.308,0.0,50
1112,0.42,0.325,0.19192898346492007,0.36,0.4,50
1120,0.5169999999999999,0.425,0.18595039935533386,0.45699999999999996,0.4,50
1128,0.475,0.375,0.20203050891044214,0.415,0.4,50
1136,0.532,0.45,0.16575738355826455,0.47200000000000003,0.4,50
1144,0.632,0.525,0.21624343802713628,0.542,0.6,50
1152,0.553,0.525,0.0568384750402222,0.523,0.2,50
1160,0.49,0.475,0.03030457633656629,0.46,0.2,50
1168,0.523,0.525,0.006851187890446781,0.49300000000000005,0.2,50
1176,0.479,0.5,0.055180594045222776,0.461,0.12,50
1184,0.4165,0.45,0.06843923269169934,0.4165,0.0,50
1192,0.4485,0.475,0.055422772156121805,0.4485,0.0,50
1200,0.4375,0.45,0.026845172104237338,0.4375,0.0,50
1208,0.4265,0.425,0.005997448437052407,0.4265,0.0,50
1216,0.5005,0.5,0.009435603438302088,0.5005,0.0,50
1224,0.682,0.725,0.08704912992332649,0.5619999999999999,0.8,50
1232,0.605,0.625,0.04040610178208852,0.485,0.8,50
1240,0.596,0.625,0.060894689959848904,0.47600000000000003,0.8,50
1248,0.544,0.55,0.01641303613296587,0.42400000000000004,0.8,50
1256,0.368,0.35,0.03678398054166787,0.368,0.0,50
1264,0.32,0.275,0.090913729009699,0.32,0.0,50
1272,0.33,0.3,0.060609152673132716,0.33,0.0,50
1280,0.37,0.35,0.04040610178208848,0.37,0.0,50
1288,0.447,0.45,0.008206518066482935,0.447,0.0,50
1296,0.616,0.6,0.03633742097707684,0.466,1.0,50
1304,0.77,0.8,0.06060915267313271,0.5,1.8,50
1312,1.1855,1.325,0.2818981760009332,0.5555,4.2,50
1320,1.1764999999999999,1.325,0.3003148857653327,0.5465,4.2,50
1328,1.2335,1.4,0.336496429310588,0.6035,4.2,50
1336,1.2085000000000001,1.425,0.4374849851650886,0.6085,4.0,50
1344,1.5635,1.875,0.6293868493402519,0.6035,6.4,50
1352,1.183,1.4,0.4384411160519711,0.5830000000000001,4.0,50
1360,1.1969999999999998,1.4,0.4101592522970778,0.597,4.0,50
1368,1.015,1.125,0.22223355980148635,0.505,3.4,50
1376,1.7,1.9249999999999998,0.45456864504849476,0.56,7.6,50
1384,1.199,1.3,0.20435063903367034,0.539,4.4,50
1392,1.23,1.2,0.060609152673132584,0.48,5.0,50
1400,1.229,1.175,0.1157671836762324,0.467,5.08,50
1408,1.2229999999999999,1.175,0.09713235237319762,0.473,5.0,50
1416,0.624,0.375,0.5117736266143059,0.43799999999999994,1.24,50
1424,0.536,0.275,0.5314631325167248,0.35,1.24,50
1432,0.5569999999999999,0.35,0.4182397515730881,0.407,1.0,50
1440,0.536,0.375,0.32545729209773716,0.41600000000000004,0.8,50
1448,0.58,0.35,0.47766438563715685,0.39399999999999996,1.24,50
1456,0.49,0.3,0.38385796692984,0.34,1.0,50
1464,0.556,0.375,0.3658426114144313,0.406,1.0,50
1472,0.493,0.325,0.3394563480698186,0.343,1.0,50
1480,0.495,0.325,0.3434518651477516,0.345,1.0,50
1488,0.38799999999999996,0.375,0.042330092542940165,0.37,0.12,50
1496,0.348,0.35,0.006851187890446714,0.348,0.0,50
1504,0.345,0.35,0.010101525445522109,0.345,0.0,50
1512,0.377,0.375,0.006851187890446726,0.377,0.0,50
1520,0.632,0.7,0.13749211480173354,0.392,1.6,50
1528,0.6509999999999999,0.725,0.14991153854108466,0.41100000000000003,1.6,50
1536,0.67,0.75,0.16162440712835371,0.43,1.6,50
1544,0.6899999999999998,0.7749999999999999,0.17172593257387583,0.45,1.6,50
1552,0.728,0.825,0.19604768266304756,0.48800000000000004,1.6,50
1560,0.47450000000000003,0.5,0.05162907344210039,0.47450000000000003,0.0,50
1568,0.5095000000000001,0.55,0.08189247554580585,0.5095000000000001,0.0,50
1576,0.5065000000000001,0.55,0.0881802999888436,0.5065000000000001,0.0,50
1584,0.48450000000000004,0.525,0.08189247554580584,0.48450000000000004,0.0,50
1592,0.4885,0.525,0.07478029042959579,0.4885,0.0,50
1600,0.54,0.5,0.08081220356417691,0.48,0.4,50
1608,0.607,0.575,0.06488608542386158,0.42699999999999994,1.2,50
1616,0.5579999999999999,0.5,0.1173082456172452,0.37799999999999995,1.2,50
1624,0.5670000000000001,0.5,0.1354734705560088,0.38699999999999996,1.2,50
1632,0.5589999999999999,0.525,0.09945771329913979,0.40299999999999997,1.04,50
1640,0.40399999999999997,0.375,0.05962467644202631,0.40399999999999997,0.0,50
1648,0.444,0.425,0.039948947011741585,0.444,0.0,50
1656,0.479,0.475,0.013702375780893498,0.479,0.0,50
1664,0.479,0.475,0.013702375780893498,0.479,0.0,50
1672,0.5569999999999999,0.575,0.03678398054166777,0.43699999999999994,0.8,50
1680,0.58,0.575,0.010101525445522088,0.43,1.0,50
1688,0.548,0.55,0.006851187890446774,0.398,1.0,50
1696,0.575,0.6,0.05050762722761057,0.425,1.0,50
1704,0.622,0.65,0.0568384750402222,0.47200000000000003,1.0,50
1712,0.508,0.5,0.01708322963300202,0.478,0.2,50
1720,0.496,0.5,0.0449943307086389,0.484,0.08,50
1728,0.488,0.475,0.05629731570068009,0.47600000000000003,0.08,50
1736,0.478,0.45,0.07536306679491424,0.466,0.08,50
1744,0.48050000000000004,0.45,0.07094299234783738,0.45649999999999996,0.16,50
1752,0.5145000000000001,0.5,0.047939694259707996,0.4905,0.16,50
1760,0.4925,0.5,0.037201190457142236,0.4805,0.08,50
1768,0.5155000000000001,0.525,0.042525502552550054,0.5035000000000001,0.08,50
1776,0.551,0.55,0.03640755696392761,0.539,0.08,50
1784,0.49950000000000006,0.5,0.009435603438302078,0.49950000000000006,0.0,50
1792,0.4865,0.475,0.026346397345011402,0.4865,0.0,50
1800,0.5109999999999999,0.475,0.1075183895044595,0.48100000000000004,0.2,50
1808,0.49,0.45,0.10702374331265496,0.46,0.2,50
1816,0.47950000000000004,0.45,0.09115052587531765,0.4495,0.2,50
1824,0.5095,0.475,0.09805376492683263,0.4795,0.2,50
1832,0.41950000000000004,0.4,0.03954137590124129,0.41950000000000004,0.0,50
1840,0.465,0.45,0.030304576336566323,0.465,0.0,50
1848,0.728,0.7749999999999999,0.09511539715267026,0.488,1.6,50
1856,0.708,0.75,0.0850330067967608,0.468,1.6,50
1864,0.818,0.8999999999999999,0.1657573835582645,0.45799999999999996,2.4,50
1872,0.813,0.8999999999999999,0.17585360330660946,0.45299999999999996,2.4,50
1880,0.515,0.525,0.02020305089104424,0.395,0.8,50
1888,0.513,0.525,0.024866993122184627,0.39299999999999996,0.8,50
1896,0.39299999999999996,0.375,0.03678398054166783,0.39299999999999996,0.0,50
1904,0.368,0.35,0.03678398054166787,0.368,0.0,50
1912,0.345,0.325,0.040406101782088456,0.345,0.0,50
1920,0.456,0.375,0.16401841608894577,0.396,0.4,50
1928,0.47,0.4,0.14142135623730956,0.41,0.4,50
1936,0.565,0.475,0.181827458019398,0.475,0.6,50
1944,0.578,0.5,0.1576808970868775,0.488,0.6,50
1952,0.637,0.55,0.1826840698795466,0.529,0.72,50
1960,0.546,0.525,0.0574456264653803,0.49800000000000005,0.32,50
1968,0.531,0.5,0.07363727982205642,0.483,0.32,50
1976,0.5870000000000001,0.625,0.09150666307846175,0.449,0.92,50
1984,0.569,0.6,0.07669180303696882,0.431,0.92,50
1992,0.71,0.8,0.18182745801939804,0.47,1.6,50
2000,0.7170000000000001,0.8,0.16777657640992896,0.47700000000000004,1.6,50
2008,0.71,0.7749999999999999,0.1313198307917873,0.47,1.6,50
2016,0.602,0.625,0.04679525529759771,0.482,0.8,50
2024,0.672,0.7000000000000001,0.05683847504022219,0.552,0.8,50
2032,0.55,0.55,0.0,0.55,0.0,50
2040,0.543,0.55,0.015185922589620883,0.543,0.0,50
2048,0.529,0.525,0.03956394978321779,0.517,0.08,50
2056,0.482,0.475,0.036083802686614555,0.47,0.08,50
2064,0.424,0.4,0.062056590368495666,0.41200000000000003,0.08,50
2072,0.46399999999999997,0.4,0.13497543238285542,0.42200000000000004,0.28,50
2080,0.44,0.375,0.1342021016289709,0.39799999999999996,0.28,50
2088,0.441,0.4,0.08356837601262672,0.41100000000000003,0.2,50
2096,0.43200000000000005,0.375,0.11529022827062965,0.402,0.2,50
2104,0.429,0.375,0.11773370158878005,0.41100000000000003,0.12,50
2112,0.39399999999999996,0.35,0.09042981267484837,0.39399999999999996,0.0,50
2120,0.45,0.425,0.050507627227610624,0.45,0.0,50
2128,0.461,0.45,0.024825924567118306,0.461,0.0,50
2136,0.534,0.55,0.036337420977076935,0.534,0.0,50
2144,0.526,0.55,0.0497339862443692,0.526,0.0,50
2152,0.535,0.575,0.08081220356417683,0.535,0.0,50
2160,0.45799999999999996,0.475,0.03478798760538834,0.45799999999999996,0.0,50
2168,0.585,0.625,0.08081220356417686,0.465,0.8,50
2176,0.5319999999999999,0.575,0.08704912992332647,0.412,0.8,50
2184,0.5720000000000001,0.625,0.10721902054834744,0.45199999999999996,0.8,50
2192,0.565,0.6,0.0707106781186547,0.445,0.8,50
2200,0.598,0.625,0.05482811732112995,0.478,0.8,50
2208,0.463,0.45,0.026840420325794253,0.463,0.0,50
2216,0.43800000000000006,0.4,0.07697070738870973,0.43800000000000006,0.0,50
2224,0.355,0.3,0.11111677990074316,0.355,0.0,50
2232,0.366,0.325,0.08356837601262668,0.366,0.0,50
2240,0.38699999999999996,0.35,0.081791172618855,0.375,0.08,50
2248,0.44,0.4,0.0808122035641769,0.41,0.2,50
2256,0.5005,0.475,0.05162907344210044,0.4705,0.2,50
2264,0.5435,0.525,0.03806881524131728,0.5135000000000001,0.2,50
2272,0.6835000000000001,0.7000000000000001,0.034110414951496484,0.5335,1.0,50
2280,0.6875,0.75,0.12639527406561707,0.5675,0.8,50
2288,0.6835,0.75,0.13454477291358202,0.5635,0.8,50
2296,0.7659999999999999,0.875,0.22049110306452777,0.5259999999999999,1.6,50
2304,0.765,0.875,0.22223355980148635,0.525,1.6,50
2312,1.004,1.1749999999999998,0.34564934454987056,0.524,3.2,50
2320,1.358,1.6,0.48894513694153413,0.518,5.6,50
2328,1.3670000000000002,1.6,0.4707636002782489,0.527,5.6,50
2336,1.422,1.65,0.4606627878194988,0.582,5.6,50
2344,1.48,1.675,0.39395949237536215,0.61,5.8,50
2352,0.83,0.8500000000000001,0.040406101782088526,0.56,1.8,50
2360,0.887,0.925,0.07697070738870979,0.617,1.8,50
2368,0.762,0.75,0.04110712734268045,0.6,1.08,50
2376,0.851,0.875,0.06565214453186324,0.569,1.88,50
2384,0.82,0.8500000000000001,0.12616801237611217,0.544,1.84,50
2392,1.379,1.35,0.0702328488758963,0.587,5.28,50
2400,1.7169999999999999,1.775,0.12178937991969783,0.565,7.68,50
2408,1.724,1.75,0.05368084065158831,0.554,7.8,50
2416,1.5930000000000002,1.5750000000000002,0.03678398054166775,0.543,7.0,50
2424,1.546,1.625,0.17286304594406882,0.58,6.44,50
2432,0.956,1.0,0.09930369826847299,0.554,2.68,50
2440,0.562,0.5,0.1295833196622693,0.52,0.28,50
2448,0.544,0.5,0.11095135907970062,0.52,0.16,50
2456,0.516,0.475,0.10970275236998853,0.49199999999999994,0.16,50
2464,0.431,0.375,0.13406516843593305,0.40700000000000003,0.16,50
2472,0.507,0.325,0.36919106275250824,0.375,0.88,50
2480,0.84,0.625,0.4352456496166319,0.37799999999999995,3.08,50
2488,0.768,0.575,0.3899581348539552,0.318,3.0,50
2496,0.785,0.575,0.4242640687119285,0.335,3.0,50
2504,1.0619999999999998,1.025,0.10764643562162579,0.456,4.04,50
2512,0.949,1.025,0.15979578804696642,0.451,3.32,50
2520,0.839,0.9249999999999999,0.17409825984665292,0.479,2.4,50
2528,1.16,1.325,0.33335033970222944,0.56,4.0,50
2536,1.658,1.9749999999999999,0.6404606123083347,0.578,7.2,50
2544,1.355,1.6,0.4949747468305832,0.515,5.6,50
2552,1.368,1.6,0.4750682013336269,0.504,5.76,50
2560,1.213,1.375,0.32733618741568543,0.433,5.2,50
2568,0.597,0.6,0.008206518066482971,0.41700000000000004,1.2,50
2576,0.434,0.375,0.11971053522935203,0.374,0.4,50
2584,0.479,0.35,0.26085416990951804,0.359,0.8,50
2592,0.8009999999999999,0.7749999999999999,0.053680840651588485,0.4709999999999999,2.2,50
2600,0.7709999999999999,0.725,0.09440468684318158,0.441,2.2,50
2608,0.9119999999999999,0.7,0.42834041392808314,0.43200000000000005,3.2,50
2616,0.9209999999999999,0.7,0.45139692474968124,0.435,3.24,50
2624,0.7630000000000001,0.55,0.4303605512609544,0.43300000000000005,2.2,50
2632,0.539,0.325,0.4324868760542727,0.359,1.2,50
2640,0.91,0.875,0.13131983079178733,0.436,3.16,50
2648,0.826,0.8999999999999999,0.1544377557728784,0.44800000000000006,2.52,50
2656,0.9099999999999998,1.0499999999999998,0.28284271247461895,0.55,2.4,50
2664,1.059,1.15,0.1841804793662776,0.519,3.6,50
2672,0.825,0.8500000000000001,0.050507627227610596,0.525,2.0,50
2680,0.6910000000000001,0.675,0.032639027596559574,0.511,1.2,50
2688,0.6910000000000001,0.7000000000000001,0.01873553864086293,0.511,1.2,50
2696,0.5175,0.475,0.08604845573683406,0.4575,0.4,50
2704,0.4685,0.5,0.06404916797560563,0.4685,0.0,50
2712,0.5285,0.45,0.15875873750661373,0.4385,0.6,50
2720,0.6745,0.625,0.10006248048094753,0.46449999999999997,1.4,50
2728,0.6235,0.525,0.199387454828174,0.41350000000000003,1.4,50
2736,0.8009999999999999,0.7,0.2043506390336703,0.441,2.4,50
2744,0.9529999999999998,0.8999999999999999,0.10721902054834738,0.473,3.2,50
2752,0.8569999999999999,0.8999999999999999,0.08704912992332638,0.467,2.6,50
2760,0.8569999999999999,0.8999999999999999,0.08704912992332638,0.467,2.6,50
2768,0.851,0.8999999999999999,0.09961149019863028,0.461,2.6,50
2776,0.655,0.7,0.09091372900969906,0.415,1.6,50
2784,0.517,0.525,0.017083229633002035,0.397,0.8,50
2792,0.512,0.525,0.02684042032579423,0.392,0.8,50
2800,0.531,0.525,0.012936264483053432,0.381,1.0,50
2808,0.545,0.55,0.014285714285714311,0.395,1.0,50
2816,0.5429999999999999,0.5,0.08704912992332638,0.363,1.2,50
2824,0.603,0.525,0.15784259790780722,0.39299999999999996,1.4,50
2832,0.6589999999999999,0.575,0.1755283569160057,0.431,1.52,50
2840,0.47700000000000004,0.375,0.2061453816299238,0.387,0.6,50
2848,0.525,0.45,0.15600235477029686,0.447,0.52,50
2856,0.505,0.475,0.07107053122190148,0.45699999999999996,0.32,50
2864,0.482,0.475,0.01518592258962098,0.45199999999999996,0.2,50
2872,0.444,0.45,0.04058249346097654,0.43200000000000005,0.08,50
2880,0.41100000000000003,0.4,0.04952838806674203,0.39899999999999997,0.08,50
2888,0.365,0.35,0.04103259033241453,0.353,0.08,50
2896,0.354,0.325,0.0702328488758963,0.342,0.08,50
2904,0.31500000000000006,0.275,0.08541614816500999,0.303,0.08,50
2912,0.35100000000000003,0.325,0.05368084065158842,0.35100000000000003,0.0,50
2920,0.472,0.475,0.022946254863155713,0.472,0.0,50
2928,0.519,0.525,0.020553563671340196,0.519,0.0,50
2936,0.522,0.525,0.022946254863155775,0.522,0.0,50
2944,0.598,0.625,0.05482811732112995,0.598,0.0,50
2952,0.946,1.075,0.26085416990951804,0.586,2.4,50
2960,0.835,0.95,0.23233508524700838,0.475,2.4,50
2968,0.8119999999999998,0.9249999999999999,0.2283615107495936,0.45199999999999996,2.4,50
2976,0.835,0.975,0.28284271247461895,0.475,2.4,50
2984,0.76,0.875,0.2323350852470084,0.4,2.4,50
2992,0.342,0.325,0.03478798760538836,0.342,0.0,50
3000,1.063,1.2,0.27683709200575723,0.463,4.0,50
3008,1.0830000000000002,1.225,0.2869366708199293,0.483,4.0,50
3016,1.1369999999999998,1.275,0.278856996487081,0.537,4.0,50
3024,1.142,1.275,0.26875753430350185,0.542,4.0,50
3032,1.183,1.3,0.25869768030641166,0.547,4.24,50
3040,0.545,0.525,0.11780301787479029,0.509,0.24,50
3048,0.472,0.425,0.150054411899858,0.436,0.24,50
3056,0.46,0.425,0.13131983079178738,0.424,0.24,50
3064,0.47,0.5,0.060609152673132716,0.47,0.0,50
3072,0.501,0.5,0.01672099987245663,0.47100000000000003,0.2,50
3080,0.584,0.425,0.32141904747794997,0.434,1.0,50
3088,0.624,0.475,0.30122877603277565,0.474,1.0,50
3096,0.557,0.375,0.36773715102624327,0.40700000000000003,1.0,50
3104,0.5,0.3,0.4040610178208843,0.35,1.0,50
3112,0.406,0.325,0.17660055238317024,0.37,0.24,50
3120,0.35,0.325,0.05050762722761061,0.35,0.0,50
3128,0.34800000000000003,0.325,0.04679525529759773,0.34800000000000003,0.0,50
3136,0.392,0.375,0.03478798760538834,0.392,0.0,50
3144,0.58,0.6,0.040406101782088547,0.46,0.8,50
3152,0.6560000000000001,0.7000000000000001,0.08957951660909083,0.536,0.8,50
3160,0.6560000000000001,0.7000000000000001,0.08957951660909083,0.536,0.8,50
3168,0.6859999999999999,0.75,0.12977217084772302,0.5660000000000001,0.8,50
3176,0.6709999999999999,0.75,0.15998724438950412,0.551,0.8,50
3184,0.544,0.6,0.11345231849296233,0.544,0.0,50
3192,1.264,1.5,0.47686690052500663,0.544,4.8,50
3200,1.2890000000000001,1.525,0.4768669005250065,0.569,4.8,50
3208,1.2369999999999999,1.4249999999999998,0.382000641093596,0.499,4.92,50
3216,1.2775,1.45,0.3488044449492101,0.5275,5.0,50
3224,1.0585,1.125,0.13865332631408156,0.5305000000000001,3.52,50
3232,0.544,0.475,0.14625948425553073,0.496,0.32,50
3240,0.828,0.825,0.033745748031479186,0.54,1.92,50
3248,0.875,0.8999999999999999,0.05050762722761048,0.605,1.8,50
3256,0.8195,0.875,0.11217811092824016,0.5794999999999999,1.6,50
3264,0.8675,0.825,0.08604845573683391,0.5375,2.2,50
3272,0.963,0.8,0.33097875879806876,0.525,2.92,50
3280,0.657,0.425,0.47134847804474966,0.45899999999999996,1.32,50
3288,0.609,0.375,0.474818977321347,0.41100000000000003,1.32,50
3296,0.576,0.35,0.4567230214991871,0.396,1.2,50
3304,0.4635,0.4,0.1466644441699264,0.4275,0.24,50
3312,0.40549999999999997,0.35,0.13375369535234585,0.3815,0.16,50
3320,0.44699999999999995,0.35,0.20263821184060815,0.39299999999999996,0.36,50
3328,0.502,0.425,0.16388460350291026,0.44799999999999995,0.36,50
3336,0.4985,0.425,0.1562809153089267,0.4445,0.36,50
3344,0.49199999999999994,0.425,0.14209080166698804,0.43799999999999994,0.36,50
3352,0.466,0.475,0.018735538640862828,0.466,0.0,50
3360,0.41350000000000003,0.425,0.023802975289930903,0.41350000000000003,0.0,50
3368,0.3495,0.35,0.009435603438302081,0.3495,0.0,50
3376,0.38,0.375,0.010101525445522154,0.38,0.0,50
3384,0.33299999999999996,0.325,0.017083229633002024,0.33299999999999996,0.0,50
3392,0.29,0.275,0.03030457633656632,0.29,0.0,50
3400,0.342,0.325,0.03478798760538836,0.342,0.0,50
3408,0.40700000000000003,0.4,0.01518592258962094,0.40700000000000003,0.0,50
3416,0.345,0.325,0.040406101782088456,0.345,0.0,50
3424,0.349,0.325,0.049733986244369185,0.349,0.0,50
3432,0.39299999999999996,0.375,0.03678398054166783,0.39299999999999996,0.0,50
3440,0.386,0.4,0.03037184517924188,0.386,0.0,50
3448,0.42700000000000005,0.45,0.04679525529759773,0.42700000000000005,0.0,50
3456,0.5539999999999999,0.625,0.14386785319755582,0.434,0.8,50
3464,0.5950000000000001,0.675,0.16162440712835371,0.475,0.8,50
3472,0.5489999999999999,0.625,0.1539414147774194,0.429,0.8,50
3480,0.5985,0.65,0.10478476482187432,0.47850000000000004,0.8,50
3488,0.4325,0.45,0.035803460099577515,0.4325,0.0,50
3496,0.4525,0.475,0.0458062690656452,0.4525,0.0,50
3504,0.45449999999999996,0.475,0.04155461122770509,0.45449999999999996,0.0,50
3512,0.4865,0.5,0.028216546021576687,0.4865,0.0,50
3520,0.442,0.45,0.017083229633002017,0.442,0.0,50
3528,0.525,0.5,0.05050762722761056,0.495,0.2,50
3536,0.505,0.475,0.060609152673132716,0.475,0.2,50
3544,0.775,0.825,0.10101525445522122,0.505,1.8,50
3552,0.8234999999999999,0.875,0.10671462038578233,0.5505,1.82,50
3560,0.7855,0.825,0.083006331206771,0.5125,1.82,50
3568,0.6589999999999999,0.7,0.09486295162937286,0.41300000000000003,1.64,50
3576,0.867,0.95,0.17426522127762253,0.501,2.44,50
3584,0.592,0.6,0.05011211919082965,0.466,0.84,50
3592,0.5465000000000001,0.55,0.026730896287377497,0.4235,0.82,50
3600,0.6665000000000001,0.7000000000000001,0.07242342895240811,0.5435,0.82,50
3608,0.6779999999999999,0.725,0.09511539715267035,0.5579999999999999,0.8,50
3616,0.609,0.575,0.07917946548886298,0.57,0.26,50
3624,0.59,0.5,0.18735538640862862,0.515,0.5,50
3632,0.5455,0.45,0.19792868742585656,0.4705,0.5,50
3640,0.484,0.4,0.17647049819925673,0.409,0.5,50
3648,0.479,0.375,0.21131029510254928,0.392,0.58,50
3656,0.32299999999999995,0.25,0.14767241738775339,0.293,0.2,50
3664,0.413,0.375,0.07713624310270761,0.38299999999999995,0.2,50
3672,0.4275,0.375,0.1062162311283076,0.3975,0.2,50
3680,0.425,0.35,0.15152288168283165,0.395,0.2,50
3688,0.45549999999999996,0.375,0.18036881150372225,0.4255,0.2,50
3696,0.5525,0.525,0.0920639196760732,0.5225,0.2,50
3704,0.5055,0.475,0.09939741917562808,0.4755,0.2,50
3712,0.5575,0.55,0.07495747093505488,0.5275,0.2,50
3720,0.5025,0.5,0.07358356349298757,0.4725,0.2,50
3728,0.5135,0.575,0.12445903350262749,0.5135,0.0,50
3736,0.4675,0.5,0.06590229316873548,0.4675,0.0,50
3744,0.45699999999999996,0.475,0.036783980541667836,0.45699999999999996,0.0,50
3752,0.44799999999999995,0.475,0.05482811732112995,0.44799999999999995,0.0,50
3760,0.494,0.525,0.06359951225586305,0.494,0.0,50
3768,0.4535,0.45,0.014294640068706769,0.4535,0.0,50
3776,0.4325,0.425,0.0161703306038168,0.4325,0.0,50
3784,0.482,0.475,0.01518592258962098,0.482,0.0,50
3792,0.5,0.5,0.0,0.5,0.0,50
3800,0.6555,0.675,0.03954137590124134,0.5355000000000001,0.8,50
3808,0.6655000000000001,0.7000000000000001,0.06978282637685916,0.5455000000000001,0.8,50
3816,0.7005,0.75,0.10006248048094753,0.5805,0.8,50
3824,0.7635,0.825,0.12445903350262741,0.5235,1.6,50
3832,1.2684999999999997,1.4249999999999998,0.31803004927977785,0.5305000000000001,4.92,50
3840,1.0490000000000002,1.175,0.25837798604654655,0.431,4.12,50
3848,1.0090000000000001,1.125,0.23849870576810503,0.391,4.12,50
3856,1.291,1.475,0.37374825096853737,0.433,5.72,50
3864,1.3,1.5,0.40406101782088427,0.46,5.6,50
3872,0.797,0.875,0.15768089708687752,0.43699999999999994,2.4,50
3880,0.905,0.95,0.09091372900969893,0.515,2.6,50
3888,0.925,0.975,0.10101525445522122,0.535,2.6,50
3896,0.498,0.4,0.1980671912379684,0.43800000000000006,0.4,50
3904,0.627,0.575,0.1101761113409077,0.435,1.28,50
3912,0.6859999999999999,0.525,0.3275667870831839,0.39799999999999996,1.92,50
3920,0.647,0.525,0.24653931259144293,0.377,1.8,50
3928,0.711,0.525,0.38259852672620326,0.387,2.16,50
3936,1.1589999999999998,1.075,0.17006601359352164,0.469,4.6,50
3944,0.939,0.8999999999999999,0.10668473486427775,0.45299999999999996,3.24,50
3952,0.9049999999999998,0.8999999999999999,0.010101525445522088,0.455,3.0,50
3960,1.078,1.1,0.04478975830454544,0.508,3.8,50
3968,0.9790000000000001,1.1,0.24501978262489543,0.499,3.2,50
3976,0.581,0.625,0.08957951660909076,0.461,0.8,50
3984,0.581,0.575,0.01641303613296587,0.431,1.0,50
3992,0.608,0.625,0.03478798760538825,0.45799999999999996,1.0,50
4000,0.42800000000000005,0.4,0.05683847504022222,0.398,0.2,50
4008,0.484,0.425,0.17036575300194093,0.418,0.44,50
4016,0.485,0.425,0.14690688429430818,0.431,0.36,50
4024,0.495,0.475,0.11780301787479032,0.45899999999999996,0.24,50
4032,0.47,0.425,0.14321384039831014,0.434,0.24,50
4040,0.54,0.475,0.17172593257387586,0.474,0.44,50
4048,0.643,0.65,0.015185922589620883,0.493,1.0,50
4056,0.661,0.675,0.030371845179241953,0.511,1.0,50
4064,1.5679999999999998,1.7999999999999998,0.46874343532818136,0.578,6.6,50
4072,1.591,1.85,0.5246903848937963,0.613,6.52,50
4080,1.368,1.6,0.4687434353281818,0.528,5.6,50
4088,1.3730000000000002,1.6,0.4586426290964349,0.533,5.6,50
4096,0.853,0.95,0.19604768266304753,0.493,2.4,50
4104,0.45,0.45,0.0,0.45,0.0,50
4112,0.365,0.35,0.030304576336566354,0.365,0.0,50
4120,0.485,0.45,0.07071067811865472,0.455,0.2,50
4128,0.407,0.35,0.11529022827062967,0.37699999999999995,0.2,50
4136,0.583,0.35,0.48232642008312604,0.39699999999999996,1.24,50
4144,0.725,0.525,0.4189393799604336,0.419,2.04,50
4152,0.7809999999999999,0.6,0.37899437290529475,0.475,2.04,50
4160,0.685,0.525,0.34166459266003996,0.409,1.84,50
4168,0.8910000000000001,0.8,0.1974169936650721,0.507,2.56,50
4176,0.5419999999999999,0.575,0.06689925413696048,0.42200000000000004,0.8,50
4184,0.518,0.55,0.06488608542386151,0.398,0.8,50
4192,0.5735,0.6,0.05378765885310454,0.4535,0.8,50
4200,0.6225,0.675,0.10705353419515624,0.5025,0.8,50
4208,0.4675,0.5,0.06724346565629544,0.4675,0.0,50
4216,0.591,0.575,0.05044698166574168,0.5459999999999999,0.3,50
4224,0.597,0.575,0.06519984975568013,0.5519999999999999,0.3,50
4232,0.5485,0.525,0.06821522063682431,0.5035000000000001,0.3,50
4240,0.529,0.475,0.11218606992721636,0.472,0.38,50
4248,0.5295000000000001,0.45,0.1674912425368282,0.4575,0.48,50
4256,0.485,0.45,0.08481672919312806,0.44300000000000006,0.28,50
4264,0.491,0.45,0.09003400718050708,0.449,0.28,50
4272,0.7810000000000001,0.8,0.05213796454541333,0.499,1.88,50
4280,0.7454999999999999,0.8,0.11062092838119905,0.5055,1.6,50
4288,0.731,0.7749999999999999,0.08929428530289661,0.491,1.6,50
4296,0.7374999999999998,0.7749999999999999,0.07597159780779518,0.4975,1.6,50
4304,0.9525,1.05,0.19706067127477592,0.4725,3.2,50
4312,0.7055,0.75,0.09053272043514303,0.4655,1.6,50
4320,0.6970000000000001,0.75,0.1073379176779044,0.457,1.6,50
4328,0.7119999999999999,0.7749999999999999,0.12809833595121126,0.472,1.6,50
4336,0.45799999999999996,0.45,0.017083229633002024,0.45799999999999996,0.0,50
4344,0.4885,0.45,0.1011679246579262,0.4585,0.2,50
4352,0.49,0.4,0.19305545359627976,0.42100000000000004,0.46,50
4360,0.5075,0.425,0.1798702763842059,0.4385,0.46,50
4368,0.523,0.45,0.15994578162997766,0.45399999999999996,0.46,50
4376,0.6015,0.475,0.2632416636275265,0.4725,0.86,50
4384,0.5539999999999999,0.5,0.10918996739440778,0.494,0.4,50
4392,0.5665,0.525,0.08415395270040528,0.5065,0.4,50
4400,0.5145000000000001,0.45,0.1303537181546222,0.4545,0.4,50
4408,0.505,0.45,0.11450871101343858,0.457,0.32,50
4416,0.41700000000000004,0.425,0.017083229633002024,0.41700000000000004,0.0,50
4424,0.41700000000000004,0.425,0.017083229633002024,0.41700000000000004,0.0,50
4432,0.402,0.4,0.006851187890446714,0.402,0.0,50
4440,0.439,0.45,0.024825924567118265,0.439,0.0,50
4448,0.425,0.425,0.0,0.425,0.0,50
4456,0.482,0.475,0.01518592258962098,0.482,0.0,50
4464,0.46,0.45,0.020203050891044273,0.46,0.0,50
4472,0.452,0.45,0.006851187890446714,0.452,0.0,50
4480,0.5,0.5,0.0,0.5,0.0,50
4488,0.89,1.0,0.22223355980148635,0.53,2.4,50
4496,0.867,0.975,0.2182630878325606,0.507,2.4,50
4504,0.86,0.975,0.23233508524700838,0.5,2.4,50
4512,0.9129999999999999,1.025,0.22634180401529438,0.5529999999999999,2.4,50
4520,0.862,0.975,0.2283615107495936,0.502,2.4,50
4528,0.452,0.45,0.006851187890446714,0.452,0.0,50
4536,0.396,0.375,0.043845740723493766,0.396,0.0,50
4544,0.41300000000000003,0.4,0.02684042032579421,0.41300000000000003,0.0,50
4552,0.532,0.55,0.036783980541667864,0.41200000000000003,0.8,50
4560,0.5690000000000001,0.55,0.07669180303696882,0.425,0.96,50
4568,0.6829999999999999,0.6,0.16777657640992893,0.473,1.4,50
4576,0.85,0.825,0.05050762722761056,0.52,2.2,50
4584,0.814,0.7749999999999999,0.07956514466082469,0.484,2.2,50
4592,0.698,0.625,0.1475860178101612,0.488,1.4,50
4600,0.6510000000000001,0.675,0.06205659036849571,0.513,0.92,50
4608,0.618,0.675,0.11529022827062956,0.49800000000000005,0.8,50
4616,0.49700000000000005,0.525,0.05683847504022215,0.49700000000000005,0.0,50
4624,0.642,0.7000000000000001,0.11730824561724525,0.522,0.8,50
4632,0.584,0.6,0.03416645926600405,0.434,1.0,50
4640,0.532,0.525,0.01518592258962087,0.382,1.0,50
4648,0.516,0.5,0.03633742097707684,0.366,1.0,50
4656,0.43799999999999994,0.35,0.17787291955270787,0.37799999999999995,0.4,50
4664,0.444,0.375,0.1462594842555308,0.396,0.32,50
4672,0.536,0.475,0.12918109421289486,0.488,0.32,50
4680,0.6040000000000001,0.55,0.11773370158878006,0.556,0.32,50
4688,0.5870000000000001,0.55,0.10764643562162572,0.551,0.24,50
4696,0.5830000000000001,0.525,0.12178937991969781,0.535,0.32,50
4704,0.5890000000000001,0.55,0.0903733751653412,0.541,0.32,50
4712,0.5185,0.5,0.040660992689930904,0.4885,0.2,50
4720,0.48350000000000004,0.475,0.023479257019848015,0.4535,0.2,50
4728,0.47350000000000003,0.45,0.050104482670450534,0.4435,0.2,50
4736,0.3935,0.4,0.020708127163320312,0.3935,0.0,50
4744,0.5405000000000001,0.55,0.021951941943756277,0.42050000000000004,0.8,50
4752,0.565,0.575,0.020203050891044218,0.445,0.8,50
4760,0.69,0.725,0.0707106781186547,0.45,1.6,50
4768,0.6829999999999999,0.725,0.0850330067967608,0.44299999999999995,1.6,50
4776,0.604,0.625,0.04384574072349384,0.484,0.8,50
4784,0.542,0.55,0.01708322963300202,0.42200000000000004,0.8,50
4792,0.538,0.55,0.02486699312218463,0.41800000000000004,0.8,50
4800,0.37699999999999995,0.35,0.05482811732112996,0.37699999999999995,0.0,50
4808,0.342,0.325,0.03478798760538836,0.342,0.0,50
4816,0.65,0.675,0.05050762722761056,0.38,1.8,50
4824,1.5889999999999997,1.8499999999999999,0.5274157249635011,0.479,7.4,50
4832,1.744,2.0,0.5173164665179452,0.484,8.4,50
4840,1.725,1.975,0.5050762722761055,0.465,8.4,50
4848,1.735,1.975,0.4848732213850611,0.475,8.4,50
4856,0.9610000000000001,1.05,0.180147331993815,0.451,3.4,50
4864,0.513,0.5,0.030405423791132563,0.363,1.0,50
4872,0.333,0.325,0.022269224668742697,0.333,0.0,50
4880,0.4025,0.4,0.04717801719151038,0.3875,0.1,50
4888,0.46649999999999997,0.475,0.04122177451150726,0.4515,0.1,50
4896,0.7434999999999999,0.475,0.5428996693869024,0.4765,1.78,50
4904,0.8025,0.475,0.6628296253524715,0.4875,2.1,50
4912,0.7975,0.475,0.6527463566519914,0.4825,2.1,50
4920,0.78,0.475,0.6161930521768486,0.48,2.0,50
4928,0.7020000000000001,0.425,0.569412515005508,0.43799999999999994,1.76,50
4936,0.45299999999999996,0.425,0.05683847504022215,0.423,0.2,50
4944,0.40299999999999997,0.425,0.04478975830454537,0.40299999999999997,0.0,50
4952,0.43200000000000005,0.45,0.03678398054166787,0.43200000000000005,0.0,50
4960,0.424,0.425,0.01124858267715974,0.424,0.0,50
4968,0.48,0.475,0.010101525445522154,0.48,0.0,50
4976,0.602,0.65,0.09713235237319767,0.48200000000000004,0.8,50
4984,0.612,0.65,0.07697070738870979,0.49200000000000005,0.8,50
4992,0.635,0.675,0.08081220356417695,0.515,0.8,50
5000,0.6300000000000001,0.675,0.09091372900969906,0.51,0.8,50
5008,0.74,0.825,0.1717259325738758,0.5,1.6,50
5016,0.611,0.65,0.07956514466082469,0.491,0.8,50
5024,0.615,0.65,0.07071067811865475,0.495,0.8,50
5032,0.591,0.625,0.0695759752107767,0.4709999999999999,0.8,50
5040,0.617,0.65,0.0702473763036815,0.49700000000000005,0.8,50
5048,0.486,0.475,0.04952838806674205,0.474,0.08,50
5056,0.45,0.425,0.07491491772643948,0.43799999999999994,0.08,50
5064,0.446,0.425,0.06131218209678557,0.434,0.08,50
5072,0.405,0.375,0.08206518066482903,0.39299999999999996,0.08,50
5080,0.413,0.375,0.13017256991848813,0.389,0.16,50
5088,0.389,0.35,0.08779614607319693,0.37699999999999995,0.08,50
5096,0.689,0.725,0.08240021795096998,0.43699999999999994,1.68,50
5104,0.6839999999999999,0.725,0.09143973146174435,0.43199999999999994,1.68,50
5112,0.7040000000000001,0.75,0.10068135226484372,0.452,1.68,50
5120,0.7,0.75,0.10101525445522122,0.46,1.6,50
5128,0.9680000000000001,1.1,0.26673766061776266,0.488,3.2,50
5136,0.74,0.825,0.1717259325738758,0.5,1.6,50
5144,0.755,0.8500000000000001,0.19192898346492004,0.515,1.6,50
5152,0.735,0.825,0.181827458019398,0.495,1.6,50
5160,0.733,0.825,0.18595039935533383,0.49300000000000005,1.6,50
5168,0.444,0.45,0.04963129361725773,0.43200000000000005,0.08,50
5176,0.426,0.4,0.09675342107541168,0.402,0.16,50
5184,0.425,0.4,0.10546302185881003,0.401,0.16,50
5192,0.405,0.375,0.11065666703449764,0.381,0.16,50
5200,0.5455000000000001,0.55,0.09240135390827145,0.40149999999999997,0.96,50
5208,0.6225,0.575,0.10669549461635479,0.4365,1.24,50
5216,0.6485,0.6,0.10861019044909072,0.4625,1.24,50
5224,0.5945,0.525,0.14771128070997006,0.40850000000000003,1.24,50
5232,0.5355,0.425,0.23409018408663407,0.4515,0.56,50
5240,0.455,0.4,0.13868919884962566,0.41900000000000004,0.24,50
5248,0.466,0.45,0.05044698166574161,0.44800000000000006,0.12,50
5256,0.466,0.45,0.05044698166574161,0.44800000000000006,0.12,50
5264,1.037,1.1749999999999998,0.2832140605295448,0.539,3.32,50
5272,1.094,1.225,0.2651799543013486,0.584,3.4,50
5280,1.0789999999999997,1.1749999999999998,0.19893594497747663,0.5509999999999999,3.52,50
5288,1.065,1.15,0.18041901343307265,0.537,3.52,50
5296,1.035,1.125,0.1900590670807154,0.507,3.52,50
5304,0.45400000000000007,0.4,0.11773370158878005,0.406,0.32,50
5312,0.426,0.4,0.06526242160285951,0.40800000000000003,0.12,50
5320,0.40800000000000003,0.4,0.017083229633002024,0.40800000000000003,0.0,50
5328,0.41800000000000004,0.4,0.036783980541667836,0.41800000000000004,0.0,50
5336,0.39399999999999996,0.35,0.09696412128373326,0.38199999999999995,0.08,50
5344,0.565,0.4,0.33335033970222955,0.445,0.8,50
5352,0.5169999999999999,0.35,0.3374363129630871,0.39699999999999996,0.8,50
5360,0.509,0.35,0.32141904747795,0.389,0.8,50
5368,0.519,0.375,0.2911343052157705,0.39899999999999997,0.8,50
5376,0.426,0.375,0.12257442553778654,0.39,0.24,50
5384,0.5385,0.55,0.04140701409576081,0.4005,0.92,50
5392,0.5215,0.525,0.04103569874424669,0.3835,0.92,50
5400,0.618,0.65,0.07319947585403963,0.48,0.92,50
5408,0.5710000000000001,0.6,0.070775586705229,0.433,0.92,50
5416,0.612,0.65,0.08037539475257752,0.474,0.92,50
5424,0.4485,0.475,0.055192150432717864,0.4485,0.0,50
5432,0.764,0.875,0.22458351476019076,0.524,1.6,50
5440,0.735,0.825,0.181827458019398,0.495,1.6,50
5448,0.754,0.8500000000000001,0.19400189353168068,0.514,1.6,50
5456,0.757,0.8500000000000001,0.18796981954884268,0.517,1.6,50
5464,0.829,0.8999999999999999,0.14351278119856406,0.5589999999999999,1.8,50
5472,0.5585,0.55,0.01863313922963656,0.5285,0.2,50
5480,0.565,0.55,0.031943828249996975,0.535,0.2,50
5488,0.5675,0.55,0.034718253741470695,0.5375,0.2,50
5496,0.5555,0.55,0.029576086589662026,0.5375,0.12,50
5504,0.5485,0.525,0.09026745972782382,0.5245000000000001,0.16,50
5512,0.5875,0.525,0.12517844405944203,0.5275,0.4,50
5520,0.5365,0.475,0.12415119978543604,0.4765,0.4,50
5528,0.669,0.625,0.08957951660909073,0.489,1.2,50
5536,0.674,0.625,0.09961149019863039,0.494,1.2,50
5544,0.607,0.625,0.03678398054166777,0.48699999999999993,0.8,50
5552,0.666,0.7000000000000001,0.07066737260589512,0.546,0.8,50
5560,0.6920000000000001,0.725,0.06689925413696053,0.572,0.8,50
5568,0.5395,0.55,0.023738584796977,0.5395,0.0,50
5576,0.5205000000000001,0.525,0.009702198362290021,0.5205000000000001,0.0,50
5584,0.5655,0.575,0.019489662356631857,0.5655,0.0,50
5592,0.4305,0.425,0.011616754262350417,0.4305,0.0,50
5600,0.4465,0.45,0.01750364393548976,0.4465,0.0,50
5608,0.48200000000000004,0.45,0.06488608542386151,0.452,0.2,50
5616,0.519,0.5,0.039948947011741565,0.489,0.2,50
5624,0.491,0.45,0.0844791968112715,0.461,0.2,50
5632,0.542,0.5,0.08503300679676082,0.512,0.2,50
5640,0.5159999999999999,0.475,0.09143973146174435,0.498,0.12,50
5648,0.513,0.5,0.026840420325794156,0.513,0.0,50
5656,0.873,0.95,0.15566185224677867,0.513,2.4,50
5664,0.794,0.875,0.1644843519633899,0.434,2.4,50
5672,0.828,0.9249999999999999,0.19604768266304756,0.46799999999999997,2.4,50
5680,0.782,0.875,0.18796981954884268,0.42200000000000004,2.4,50
5688,0.7705,0.85,0.1608880013537114,0.41050000000000003,2.4,50
5696,0.41550000000000004,0.4,0.03268979120428258,0.41550000000000004,0.0,50
5704,0.43,0.425,0.022015764296317776,0.43,0.0,50
5712,0.39799999999999996,0.375,0.048665874562559504,0.39799999999999996,0.0,50
5720,0.43799999999999994,0.425,0.027311506134721678,0.43799999999999994,0.0,50
5728,0.4635,0.425,0.10304174901862029,0.43949999999999995,0.16,50
5736,0.45549999999999996,0.35,0.21346808297490175,0.3655,0.6,50
5744,0.5269999999999999,0.425,0.2061453816299238,0.43699999999999994,0.6,50
5752,0.523,0.425,0.19858170579776735,0.433,0.6,50
5760,0.501,0.4,0.20435063903367026,0.41100000000000003,0.6,50
5768,0.39799999999999996,0.375,0.06305164711632547,0.38,0.12,50
5776,0.384,0.375,0.018735538640862828,0.384,0.0,50
5784,0.317,0.3,0.03478798760538837,0.317,0.0,50
5792,0.321,0.3,0.04326001122779066,0.321,0.0,50
5800,0.364,0.35,0.028642768079662026,0.364,0.0,50
5808,0.517,0.55,0.06689925413696059,0.397,0.8,50
5816,0.5619999999999999,0.6,0.07697070738870976,0.442,0.8,50
5824,0.71,0.7749999999999999,0.1313198307917873,0.47,1.6,50
5832,0.66,0.725,0.13131983079178738,0.42,1.6,50
5840,0.49200000000000005,0.525,0.06689925413696057,0.37200000000000005,0.8,50
5848,0.47450000000000003,0.5,0.05236498674433799,0.3545,0.8,50
5856,0.3445,0.35,0.014542337908215927,0.3445,0.0,50
5864,0.35950000000000004,0.375,0.03268979120428258,0.35950000000000004,0.0,50
5872,0.9214999999999999,1.075,0.3101600146599776,0.4415,3.2,50
5880,0.9465,1.05,0.20916561644314494,0.4365,3.4,50
5888,1.0965,1.225,0.25966078735495657,0.46649999999999997,4.2,50
5896,1.3865,1.55,0.33197806972074256,0.4985,5.92,50
5904,1.0775,1.175,0.19867225086887727,0.42949999999999994,4.32,50
5912,0.8125,0.85,0.08005897061235677,0.4045,2.72,50
5920,0.8344999999999999,0.9249999999999999,0.1851564424028105,0.45649999999999996,2.52,50
5928,0.713,0.7749999999999999,0.1295833196622693,0.455,1.72,50
5936,0.573,0.625,0.10520145882436951,0.45299999999999996,0.8,50
5944,0.755,0.675,0.1616244071283537,0.515,1.6,50
5952,0.716,0.625,0.1841804793662777,0.47600000000000003,1.6,50
5960,0.813,0.75,0.12819787001955626,0.45299999999999996,2.4,50
5968,0.7909999999999999,0.7,0.1872028257243562,0.419,2.48,50
5976,0.665,0.475,0.3843228872089885,0.353,2.08,50
5984,0.556,0.5,0.11851117229689216,0.364,1.28,50
5992,0.606,0.55,0.11851117229689215,0.414,1.28,50
6000,0.455,0.375,0.1616244071283537,0.395,0.4,50
6008,0.526,0.475,0.11007418648626137,0.478,0.32,50
6016,0.594,0.575,0.03994894701174162,0.564,0.2,50
6024,0.728,0.75,0.04478975830454537,0.578,1.0,50
6032,0.772,0.775,0.00820651806648295,0.5920000000000001,1.2,50
6040,0.79,0.8,0.020203050891044308,0.61,1.2,50
6048,0.6809999999999999,0.725,0.08957951660909073,0.5309999999999999,1.0,50
6056,0.595,0.625,0.06060915267313271,0.445,1.0,50
6064,0.468,0.45,0.03678398054166782,0.43800000000000006,0.2,50
6072,0.358,0.35,0.017083229633002045,0.358,0.0,50
6080,0.33199999999999996,0.3,0.06488608542386153,0.33199999999999996,0.0,50
6088,0.332,0.275,0.11529022827062957,0.332,0.0,50
6096,0.35700000000000004,0.275,0.16895839362254308,0.345,0.08,50
6104,0.35200000000000004,0.25,0.20614538162992382,0.322,0.2,50
6112,0.53,0.475,0.11111677990074316,0.38,1.0,50
6120,0.538,0.5,0.07697070738870979,0.38799999999999996,1.0,50
6128,0.52,0.5,0.04040610178208852,0.37,1.0,50
6136,0.46199999999999997,0.475,0.02684042032579421,0.342,0.8,50
6144,0.592,0.6499999999999999,0.11730824561724516,0.352,1.6,50
6152,0.46399999999999997,0.5,0.07356796108333565,0.344,0.8,50
6160,0.44,0.475,0.07071067811865477,0.32,0.8,50
6168,0.44199999999999995,0.475,0.06689925413696056,0.322,0.8,50
6176,0.47600000000000003,0.525,0.09961149019863039,0.35600000000000004,0.8,50
6184,0.337,0.325,0.04110712734268046,0.325,0.08,50
6192,0.381,0.35,0.06359951225586309,0.35100000000000003,0.2,50
6200,0.38199999999999995,0.35,0.06488608542386154,0.352,0.2,50
6208,0.435,0.425,0.020203050891044273,0.405,0.2,50
6216,0.47100000000000003,0.45,0.06131218209678557,0.429,0.28,50
6224,0.5,0.5,0.0,0.47,0.2,50
6232,1.017,1.15,0.26875753430350174,0.507,3.4,50
6240,1.013,1.15,0.2768370920057571,0.503,3.4,50
6248,1.0,1.125,0.25253813613805276,0.49,3.4,50
6256,0.903,1.05,0.2970363820223003,0.42300000000000004,3.2,50
6264,0.925,1.075,0.30304576336566325,0.445,3.2,50
6272,0.38800000000000007,0.4,0.02486699312218464,0.38800000000000007,0.0,50
6280,0.445,0.45,0.010101525445522128,0.445,0.0,50
6288,0.40700000000000003,0.4,0.01518592258962094,0.40700000000000003,0.0,50
6296,0.455,0.45,0.010101525445522109,0.455,0.0,50
6304,0.426,0.375,0.12565745468680858,0.402,0.16,50
6312,0.505,0.35,0.31314728881118536,0.385,0.8,50
6320,0.759,0.675,0.17006601359352155,0.39899999999999997,2.4,50
6328,0.753,0.675,0.1576808970868775,0.39299999999999996,2.4,50
6336,0.7490000000000001,0.675,0.1499115385410845,0.389,2.4,50
6344,0.618,0.6499999999999999,0.07267484195415375,0.36,1.72,50
6352,0.632,0.675,0.0870491299233265,0.392,1.6,50
6360,0.345,0.325,0.040406101782088456,0.345,0.0,50
6368,0.33799999999999997,0.3,0.07697070738870974,0.33799999999999997,0.0,50
6376,0.354,0.325,0.060894689959848904,0.354,0.0,50
6384,0.389,0.375,0.03279497223785429,0.389,0.0,50
6392,0.373,0.375,0.006851187890446726,0.373,0.0,50
6400,0.442,0.375,0.13715773728798228,0.382,0.4,50
6408,0.63,0.625,0.010101525445522081,0.45,1.2,50
6416,0.633,0.625,0.01708322963300203,0.45299999999999996,1.2,50
6424,0.63,0.625,0.010101525445522081,0.45,1.2,50
6432,0.634,0.65,0.07885662525710045,0.478,1.04,50
6440,0.6200000000000001,0.7000000000000001,0.16162440712835377,0.5,0.8,50
6448,0.485,0.525,0.08081220356417686,0.485,0.0,50
6456,0.42700000000000005,0.45,0.04679525529759773,0.42700000000000005,0.0,50
6464,0.429,0.45,0.043845740723493766,0.429,0.0,50
6472,0.361,0.375,0.03279497223785429,0.361,0.0,50
6480,0.42,0.4,0.06851187890446744,0.40800000000000003,0.08,50
6488,0.562,0.55,0.024866993122184593,0.41200000000000003,1.0,50
6496,0.645,0.65,0.010101525445522105,0.495,1.0,50
6504,0.667,0.675,0.01708322963300202,0.517,1.0,50
6512,0.6829999999999999,0.675,0.017083229633001948,0.533,1.0,50
6520,0.48449999999999993,0.475,0.019489662356631837,0.48449999999999993,0.0,50
6528,0.6355000000000001,0.675,0.08003347513920127,0.5155000000000001,0.8,50
6536,0.5895,0.625,0.07268361688348567,0.4695,0.8,50
6544,0.7434999999999999,0.825,0.1648909658296806,0.5035000000000001,1.6,50
6552,0.7985,0.8999999999999999,0.20525059347648414,0.5585,1.6,50
6560,0.6920000000000001,0.725,0.06803360514166089,0.5419999999999999,1.0,50
6568,0.625,0.625,0.0,0.475,1.0,50
6576,0.745,0.7749999999999999,0.06060915267313264,0.475,1.8,50
6584,0.555,0.525,0.060609152673132716,0.405,1.0,50
6592,0.542,0.525,0.03478798760538825,0.392,1.0,50
6600,0.7120000000000001,0.725,0.026840420325794163,0.442,1.8,50
6608,0.765,0.8,0.07071067811865477,0.495,1.8,50
6616,0.6920000000000001,0.675,0.04776643856371562,0.53,1.08,50
6624,0.735,0.7000000000000001,0.0707106781186547,0.555,1.2,50
6632,0.6,0.525,0.15152288168283162,0.54,0.4,50
6640,0.51,0.475,0.07071067811865477,0.48,0.2,50
6648,0.479,0.425,0.11576718367623243,0.43699999999999994,0.28,50
6656,0.831,0.8999999999999999,0.13983955821160293,0.441,2.6,50
6664,0.828,0.8999999999999999,0.1455671526078852,0.43800000000000006,2.6,50
6672,0.845,0.875,0.06060915267313271,0.425,2.8,50
6680,0.8919999999999999,0.9249999999999999,0.06689925413696053,0.472,2.8,50
6688,0.496,0.45,0.09359051059519552,0.466,0.2,50
6696,0.47850000000000004,0.425,0.1082101602231057,0.4485,0.2,50
6704,0.5255,0.5,0.05236498674433806,0.4955,0.2,50
6712,0.532,0.55,0.0371291183381915,0.532,0.0,50
6720,0.665,0.725,0.12174328963613806,0.545,0.8,50
6728,0.9145,0.925,0.04713473956085245,0.5905,2.16,50
6736,0.9989999999999999,1.025,0.06506668478866708,0.675,2.16,50
6744,0.9590000000000001,0.9750000000000001,0.050193503116459676,0.635,2.16,50
6752,0.9455,0.95,0.043357201694476384,0.6214999999999999,2.16,50
6760,0.6835,0.625,0.12531694512193423,0.5995,0.56,50
6768,0.61,0.65,0.08159756899139907,0.61,0.0,50
6776,0.5519999999999999,0.575,0.04679525529759771,0.5519999999999999,0.0,50
6784,0.585,0.6,0.030304576336566195,0.585,0.0,50
6792,0.7095,0.75,0.08189247554580578,0.5894999999999999,0.8,50
6800,0.7415,0.7000000000000001,0.08415395270040528,0.5615000000000001,1.2,50
6808,0.7115,0.65,0.12445903350262749,0.5315,1.2,50
6816,0.7025,0.625,0.156675441207456,0.5225,1.2,50
6824,0.8089999999999999,0.7749999999999999,0.0688387645894672,0.509,2.0,50
6832,0.6845,0.625,0.13542167703970023,0.5075,1.18,50
6840,0.6545000000000001,0.65,0.04729682648887092,0.5255,0.86,50
6848,0.9525,1.025,0.15437910533250707,0.5834999999999999,2.46,50
6856,0.9434999999999999,1.025,0.17029461266299886,0.5745,2.46,50
6864,1.069,1.1749999999999998,0.21621512341146884,0.583,3.24,50
6872,1.0635,1.15,0.17490595140456103,0.5535,3.4,50
6880,1.0145,1.1,0.17306436811257267,0.5045000000000001,3.4,50
6888,0.7045,0.725,0.042764781428323,0.43450000000000005,1.8,50
6896,0.5955,0.55,0.0919863011096584,0.41550000000000004,1.2,50
6904,0.4805,0.425,0.11575947089564984,0.4325,0.32,50
6912,0.48200000000000004,0.45,0.06488608542386151,0.452,0.2,50
6920,0.509,0.45,0.1253322116030277,0.467,0.28,50
6928,0.597,0.5,0.19604768266304756,0.507,0.6,50
6936,0.672,0.525,0.2978083207675154,0.534,0.92,50
6944,0.677,0.475,0.4291614985488969,0.485,1.28,50
6952,0.6940000000000001,0.425,0.5932563200038328,0.44799999999999995,1.64,50
6960,0.632,0.425,0.49839128960187534,0.428,1.36,50
6968,0.609,0.425,0.4413499698859935,0.423,1.24,50
6976,0.47100000000000003,0.425,0.13222584266847295,0.41700000000000004,0.36,50
6984,0.506,0.45,0.1471289868636028,0.452,0.36,50
6992,0.489,0.5,0.024825924567118265,0.489,0.0,50
7000,0.532,0.55,0.036783980541667864,0.532,0.0,50
7008,0.522,0.525,0.008206518066482971,0.522,0.0,50
7016,0.518,0.525,0.01518592258962088,0.518,0.0,50
7024,0.493,0.5,0.015185922589620973,0.493,0.0,50
7032,0.48200000000000004,0.5,0.03678398054166783,0.48200000000000004,0.0,50
7040,0.49,0.5,0.02020305089104426,0.49,0.0,50
7048,0.6275,0.675,0.09613049166924842,0.5075,0.8,50
7056,0.5865,0.625,0.0781171934875245,0.46649999999999997,0.8,50
7064,0.6164999999999999,0.65,0.06806546968371936,0.4965,0.8,50
7072,0.6645,0.7000000000000001,0.07180081575342409,0.5445,0.8,50
7080,0.7025,0.725,0.055844627753971025,0.5645,0.92,50
7088,0.701,0.725,0.062056590368495666,0.563,0.92,50
7096,0.8660000000000001,0.925,0.12533221160302768,0.608,1.72,50
7104,0.836,0.8999999999999999,0.13497543238285542,0.578,1.72,50
7112,0.7830000000000001,0.8500000000000001,0.1354734705560088,0.543,1.6,50
7120,0.753,0.7000000000000001,0.15800413324482673,0.549,1.36,50
7128,0.6890000000000001,0.625,0.16320764287825967,0.485,1.36,50
7136,0.561,0.45,0.21153954616533713,0.45899999999999996,0.68,50
7144,0.633,0.45,0.3873457560034414,0.47700000000000004,1.04,50
7152,0.6579999999999999,0.425,0.47351917401860855,0.47200000000000003,1.24,50
7160,0.545,0.4,0.26582562951326266,0.44300000000000006,0.68,50
7168,0.622,0.475,0.25905243342865186,0.508,0.76,50
7176,0.602,0.45,0.3245813630270378,0.48800000000000004,0.76,50
7184,0.532,0.45,0.16575738355826455,0.47200000000000003,0.4,50
7192,0.49200000000000005,0.45,0.0850330067967608,0.462,0.2,50
7200,0.51,0.475,0.07071067811865477,0.48,0.2,50
7208,0.428,0.425,0.008206518066482935,0.428,0.0,50
7216,0.496,0.5,0.01370237578089348,0.496,0.0,50
7224,0.47600000000000003,0.475,0.01124858267715974,0.47600000000000003,0.0,50
7232,0.4935,0.5,0.041591428669564966,0.48450000000000004,0.06,50
7240,0.4805,0.475,0.03789418672771722,0.4715,0.06,50
7248,0.6865000000000001,0.725,0.08895796989681859,0.5575,0.86,50
7256,0.6375,0.675,0.08287715275623067,0.5085000000000001,0.86,50
7264,0.6505000000000001,0.7000000000000001,0.10442871799872462,0.5215000000000001,0.86,50
7272,0.688,0.75,0.12548274131268783,0.568,0.8,50
7280,0.691,0.75,0.11939045871698895,0.5710000000000001,0.8,50
7288,0.5355000000000001,0.55,0.03197974486503381,0.5355000000000001,0.0,50
7296,1.1015000000000001,1.25,0.3001874414428425,0.6214999999999999,3.2,50
7304,1.2155,1.4,0.3727616872885464,0.6155,4.0,50
7312,1.1575,1.325,0.33844821446943846,0.5574999999999999,4.0,50
7320,1.1745,1.325,0.3064148348569438,0.5625,4.08,50
7328,1.138,1.275,0.2794509923812351,0.523,4.1,50
7336,0.578,0.575,0.03900549411850301,0.44299999999999995,0.9,50
7344,0.4525,0.4,0.11330494342296654,0.4375,0.1,50
7352,0.473,0.425,0.10532263357349726,0.45799999999999996,0.1,50
7360,0.573,0.575,0.009897433186107876,0.45299999999999996,0.8,50
7368,1.045,1.075,0.12626906806902627,0.499,3.64,50
7376,1.158,1.125,0.0833666600026655,0.546,4.08,50
7384,1.1555000000000002,1.1,0.11217811092824041,0.5255,4.2,50
7392,1.1500000000000001,1.1,0.10101525445522112,0.52,4.2,50
7400,0.998,0.9249999999999999,0.1475860178101614,0.488,3.4,50
7408,0.48100000000000004,0.45,0.06359951225586315,0.451,0.2,50
7416,0.441,0.45,0.021285234893930468,0.441,0.0,50
7424,0.43700000000000006,0.45,0.026840420325794246,0.43700000000000006,0.0,50
7432,0.429,0.425,0.039563949783217804,0.41700000000000004,0.08,50
7440,0.39299999999999996,0.375,0.06166069101402069,0.381,0.08,50
7448,0.4809999999999999,0.35,0.2683357628655805,0.379,0.68,50
7456,0.45899999999999996,0.325,0.2734772310785074,0.35700000000000004,0.68,50
7464,0.604,0.5,0.2136514422500119,0.38199999999999995,1.48,50
7472,0.5245000000000001,0.42500000000000004,0.20104890764514513,0.3145,1.4,50
7480,0.5485,0.525,0.08739571044440131,0.3925,1.04,50
7488,0.5115,0.525,0.027760822489726843,0.39149999999999996,0.8,50
7496,0.3665,0.35,0.033734406828661384,0.3665,0.0,50
7504,0.34,0.325,0.030722590239437988,0.34,0.0,50
7512,0.418,0.425,0.01518592258962094,0.418,0.0,50
7520,0.375,0.375,0.0,0.375,0.0,50
7528,0.365,0.375,0.02020305089104426,0.365,0.0,50
7536,0.425,0.4,0.0505076272276106,0.395,0.2,50
7544,0.41300000000000003,0.4,0.027311506134721678,0.38300000000000006,0.2,50
7552,0.4045,0.375,0.06054387850550867,0.37450000000000006,0.2,50
7560,0.405,0.375,0.060819237021165776,0.375,0.2,50
7568,0.449,0.425,0.05149796905050276,0.419,0.2,50
7576,0.391,0.4,0.02187627547301935,0.391,0.0,50
7584,0.4445,0.45,0.011616754262350417,0.4445,0.0,50
7592,0.4385,0.45,0.028216546021576715,0.4385,0.0,50
7600,0.5635,0.6,0.07545947689363627,0.4435,0.8,50
7608,0.514,0.55,0.07356796108333566,0.39399999999999996,0.8,50
7616,0.5565,0.6,0.08818029998884362,0.4365,0.8,50
7624,0.4925,0.525,0.06590229316873544,0.3725,0.8,50
7632,0.35350000000000004,0.35,0.014294640068706777,0.35350000000000004,0.0,50
7640,0.3559999999999999,0.35,0.020553563671340237,0.3559999999999999,0.0,50
7648,0.3845,0.375,0.019489662356631788,0.3845,0.0,50
7656,0.3215,0.3,0.04403442530844363,0.3215,0.0,50
7664,0.34850000000000003,0.325,0.04775842697303563,0.34850000000000003,0.0,50
7672,0.36449999999999994,0.3,0.13064693815386405,0.33449999999999996,0.2,50
7680,0.3575,0.3,0.11706988145059828,0.3275,0.2,50
7688,0.2945,0.225,0.14072425635451272,0.2645,0.2,50
7696,0.258,0.175,0.16838367267787516,0.228,0.2,50
7704,0.225,0.15,0.15152288168283165,0.195,0.2,50
7712,0.206,0.175,0.06279217421667403,0.206,0.0,50
7720,0.192,0.15,0.08518287650097045,0.192,0.0,50
7728,0.21,0.175,0.07089083300456865,0.21,0.0,50
7736,0.24,0.225,0.030722590239438016,0.24,0.0,50
7744,0.2605,0.25,0.02263846284534355,0.2605,0.0,50
7752,0.303,0.3,0.016475089420958284,0.303,0.0,50
7760,0.32699999999999996,0.35,0.04840306956027834,0.32699999999999996,0.0,50
7768,0.514,0.6,0.17424472585933815,0.39399999999999996,0.8,50
7776,0.531,0.625,0.19049880818096301,0.41100000000000003,0.8,50
7784,0.5565,0.65,0.1891717986058046,0.4365,0.8,50
7792,0.828,1.0,0.34753651988397016,0.468,2.4,50
7800,0.8524999999999998,1.025,0.34982685221493814,0.49249999999999994,2.4,50
7808,0.6835000000000001,0.8,0.2367191783268841,0.4435,1.6,50
7816,0.7255000000000001,0.8500000000000001,0.2528152709479588,0.48550000000000004,1.6,50
7824,0.7525,0.875,0.2488365786156506,0.5125,1.6,50
7832,0.6240000000000001,0.7000000000000001,0.15534359546843654,0.504,0.8,50
7840,0.6955,0.75,0.11906202293814117,0.5635,0.88,50
7848,0.7615000000000001,0.8,0.07811719348752469,0.6114999999999999,1.0,50
7856,0.7445,0.775,0.06171238422996583,0.5945,1.0,50
7864,0.5955,0.55,0.11733542534467725,0.5415000000000001,0.36,50
7872,0.583,0.475,0.21826308783256052,0.493,0.6,50
7880,0.5009999999999999,0.425,0.15394141477741946,0.441,0.4,50
7888,0.45949999999999996,0.375,0.17104794052891628,0.3995,0.4,50
7896,0.4705,0.375,0.19336507187289054,0.4105,0.4,50
7904,0.4555,0.4,0.11285827305039875,0.42550000000000004,0.2,50
7912,0.5365,0.5,0.07844307698280724,0.5065,0.2,50
7920,0.5395,0.475,0.13210327592533083,0.5095,0.2,50
7928,0.552,0.5,0.1062870583632373,0.522,0.2,50
7936,0.541,0.5,0.08447919681127154,0.511,0.2,50
7944,0.6789999999999999,0.725,0.09359051059519544,0.5589999999999999,0.8,50
7952,0.615,0.65,0.07071067811865475,0.495,0.8,50
7960,0.569,0.625,0.11367695008044433,0.449,0.8,50
7968,0.575,0.625,0.10101525445522114,0.455,0.8,50
7976,0.58,0.625,0.09091372900969893,0.46,0.8,50
7984,0.567,0.6,0.06689925413696055,0.447,0.8,50
7992,0.544,0.575,0.063599512255863,0.424,0.8,50
8000,0.5529999999999999,0.575,0.04478975830454535,0.433,0.8,50
8008,0.575,0.6,0.05050762722761057,0.455,0.8,50
8016,0.576,0.575,0.04430874976934522,0.444,0.88,50
8024,0.419,0.375,0.09696412128373326,0.40700000000000003,0.08,50
8032,0.47200000000000003,0.45,0.055475679539850296,0.46,0.08,50
8040,0.466,0.45,0.05480950312357394,0.45399999999999996,0.08,50
8048,0.441,0.425,0.054809503123573966,0.429,0.08,50
8056,0.567,0.6,0.06689925413696055,0.447,0.8,50
8064,0.59,0.6,0.020203050891044218,0.44,1.0,50
8072,0.608,0.625,0.03478798760538825,0.45799999999999996,1.0,50
8080,0.582,0.575,0.015185922589620883,0.43199999999999994,1.0,50
8088,0.598,0.6,0.006851187890446774,0.44800000000000006,1.0,50
8096,0.439,0.425,0.05252793231671494,0.42100000000000004,0.12,50
8104,0.445,0.45,0.010101525445522128,0.445,0.0,50
8112,0.3525,0.325,0.0546906886825484,0.3525,0.0,50
8120,0.4225,0.425,0.009105391988558547,0.4225,0.0,50
8128,0.4875,0.45,0.07478711282632827,0.4575,0.2,50
8136,0.5195000000000001,0.5,0.039862646829392695,0.48950000000000005,0.2,50
8144,0.5824999999999999,0.575,0.015361295119719048,0.5525,0.2,50
8152,0.62,0.625,0.010101525445522088,0.59,0.2,50
8160,0.601,0.6,0.011248582677159764,0.571,0.2,50
8168,0.502,0.525,0.04679525529759773,0.502,0.0,50
8176,0.528,0.55,0.044789758304545416,0.528,0.0,50
8184,0.504,0.525,0.04555776776886282,0.504,0.0,50
8192,0.503,0.525,0.044789758304545416,0.503,0.0,50
8200,0.755,0.825,0.14142135623730953,0.515,1.6,50
8208,0.7559999999999999,0.825,0.139839558211603,0.516,1.6,50
8216,0.672,0.7,0.05683847504022216,0.43200000000000005,1.6,50
8224,0.6759999999999999,0.7,0.05124968889900609,0.436,1.6,50
8232,0.72,0.75,0.06060915267313271,0.48,1.6,50
8240,0.501,0.5,0.008689660757568912,0.501,0.0,50
8248,0.46,0.45,0.02766416675862446,0.46,0.0,50
8256,0.8205,0.8999999999999999,0.16064998713771164,0.5805,1.6,50
8264,1.0805,1.225,0.2919537459871313,0.6004999999999999,3.2,50
8272,0.9735,1.1,0.25646786408071187,0.4935,3.2,50
8280,0.9584999999999999,1.0,0.08400224729744085,0.41850000000000004,3.6,50
8288,0.9865,1.05,0.1283937264027796,0.4465,3.6,50
8296,0.643,0.625,0.03880879344916031,0.343,2.0,50
8304,0.3195,0.225,0.19121589998784963,0.2595,0.4,50
8312,0.41350000000000003,0.375,0.08499849938651381,0.39549999999999996,0.12,50
8320,0.415,0.375,0.10630625761526591,0.397,0.12,50
8328,0.45899999999999996,0.375,0.18131886446877202,0.41100000000000003,0.32,50
8336,0.5169999999999999,0.375,0.29521870135994605,0.415,0.68,50
8344,0.593,0.45,0.2889566029135636,0.473,0.8,50
8352,0.5545,0.425,0.2617976512577638,0.43449999999999994,0.8,50
8360,0.55,0.425,0.25985671090830365,0.43,0.8,50
8368,0.517,0.45,0.15669090853117965,0.439,0.52,50
8376,0.502,0.525,0.06866808663745468,0.484,0.12,50
8384,0.46649999999999997,0.475,0.03521435815698138,0.4485,0.12,50
8392,0.393,0.4,0.015185922589620976,0.393,0.0,50
8400,0.408,0.425,0.03478798760538836,0.408,0.0,50
8408,0.6779999999999999,0.75,0.1455671526078853,0.43800000000000006,1.6,50
8416,0.5954999999999999,0.6499999999999999,0.11050556362390415,0.3555,1.6,50
8424,0.6034999999999999,0.6499999999999999,0.09408664048826137,0.3635,1.6,50
8432,0.5795,0.625,0.09404324884361046,0.3395,1.6,50
8440,0.5705,0.6,0.0596952293584946,0.33049999999999996,1.6,50
8448,0.4574999999999999,0.44999999999999996,0.0161703306038168,0.3375,0.8,50
8456,0.5,0.5,0.0,0.38,0.8,50
8464,0.44799999999999995,0.44999999999999996,0.006851187890446706,0.32799999999999996,0.8,50
8472,0.49450000000000005,0.5,0.019092952006605234,0.37449999999999994,0.8,50
8480,0.5555,0.525,0.06819277895819185,0.3935,1.08,50
8488,0.5165,0.475,0.08445654600601017,0.33649999999999997,1.2,50
8496,0.5535,0.525,0.05781082802325785,0.3735,1.2,50
8504,0.6114999999999999,0.6,0.025359657822966855,0.4315,1.2,50
8512,0.62,0.625,0.010101525445522088,0.44,1.2,50
8520,0.455,0.5,0.090913729009699,0.455,0.0,50
8528,0.5,0.5,0.0,0.47,0.2,50
8536,0.433,0.425,0.017083229633002024,0.40299999999999997,0.2,50
8544,0.41,0.4,0.02020305089104424,0.38,0.2,50
8552,0.40299999999999997,0.375,0.05683847504022215,0.373,0.2,50
8560,0.423,0.375,0.102499377798012,0.375,0.32,50
8568,0.40299999999999997,0.35,0.1121041789532197,0.355,0.32,50
8576,0.461,0.4,0.12918109421289484,0.41300000000000003,0.32,50
8584,0.491,0.425,0.138850969880425,0.44299999999999995,0.32,50
8592,0.506,0.45,0.11958260743101394,0.45799999999999996,0.32,50
8600,0.456,0.425,0.07363727982205646,0.43799999999999994,0.12,50
8608,0.4695,0.475,0.014542337908215923,0.4695,0.0,50
8616,0.4585,0.475,0.033734406828661335,0.4585,0.0,50
8624,0.4365,0.45,0.027760822489726816,0.4365,0.0,50
8632,0.5785,0.625,0.0940866404882614,0.4585,0.8,50
8640,0.5775,0.625,0.09705484458357999,0.4575,0.8,50
8648,0.49700000000000005,0.525,0.05683847504022215,0.377,0.8,50
8656,0.47,0.475,0.010101525445522109,0.35,0.8,50
8664,0.48700000000000004,0.5,0.026840420325794246,0.36699999999999994,0.8,50
8672,0.38299999999999995,0.375,0.017083229633002017,0.38299999999999995,0.0,50
8680,0.429,0.425,0.01370237578089348,0.429,0.0,50
8688,0.46699999999999997,0.475,0.017083229633002024,0.46699999999999997,0.0,50
8696,0.48200000000000004,0.5,0.03678398054166783,0.48200000000000004,0.0,50
8704,0.503,0.5,0.050162999617369836,0.491,0.08,50
8712,0.47200000000000003,0.425,0.09511539715267038,0.442,0.2,50
8720,0.43300000000000005,0.4,0.06689925413696056,0.403,0.2,50
8728,0.45799999999999996,0.425,0.07566710120046657,0.425,0.22,50
8736,0.47350000000000003,0.45,0.06132258298272731,0.44049999999999995,0.22,50
8744,0.5660000000000001,0.6,0.07934039298606775,0.44299999999999995,0.82,50
8752,0.5920000000000001,0.625,0.07292014083074375,0.469,0.82,50
8760,0.637,0.6,0.14684088292420192,0.46,1.18,50
8768,0.7105000000000001,0.7000000000000001,0.11362420157551589,0.5365000000000001,1.16,50
8776,0.7175,0.675,0.18545655192810315,0.5195000000000001,1.32,50
8784,0.616,0.55,0.2157544901039141,0.538,0.52,50
8792,0.587,0.575,0.1082372677151866,0.545,0.28,50
8800,0.5915,0.6,0.08043409014306593,0.5675,0.16,50
8808,0.48100000000000004,0.45,0.09917516970348111,0.457,0.16,50
8816,0.4885,0.45,0.07811719348752459,0.4585,0.2,50
8824,0.44050000000000006,0.4,0.08235841282628817,0.41050000000000003,0.2,50
8832,0.5575,0.55,0.01617033060381688,0.4075,1.0,50
8840,0.591,0.575,0.03633742097707685,0.441,1.0,50
8848,0.611,0.6,0.027737839769925113,0.461,1.0,50
8856,0.583,0.6,0.040858141845928744,0.46299999999999997,0.8,50
8864,0.569,0.575,0.01293626448305339,0.449,0.8,50
8872,0.43450000000000005,0.4,0.0699653704429877,0.43450000000000005,0.0,50
8880,0.5385,0.525,0.051559852282051226,0.40049999999999997,0.92,50
8888,0.5734999999999999,0.575,0.043860283740485714,0.4355,0.92,50
8896,0.5985,0.625,0.06914381640420769,0.46049999999999996,0.92,50
8904,0.6065,0.625,0.03840240745004389,0.45649999999999996,1.0,50
8912,0.591,0.575,0.05044698166574166,0.423,1.12,50
8920,0.43200000000000005,0.4,0.06488608542386161,0.402,0.2,50
8928,0.435,0.4,0.07071067811865474,0.405,0.2,50
8936,0.39799999999999996,0.35,0.09713235237319758,0.368,0.2,50
8944,0.366,0.35,0.03416645926600407,0.366,0.0,50
8952,0.35100000000000003,0.325,0.06869037302955035,0.33899999999999997,0.08,50
8960,0.376,0.35,0.06869037302955035,0.364,0.08,50
8968,0.39299999999999996,0.375,0.06166069101402069,0.381,0.08,50
8976,0.483,0.475,0.05235280629088198,0.35100000000000003,0.88,50
8984,0.516,0.525,0.04785181206984066,0.384,0.88,50
8992,0.535,0.575,0.08081220356417683,0.415,0.8,50
9000,0.515,0.55,0.07071067811865477,0.395,0.8,50
9008,0.503,0.525,0.044789758304545416,0.38299999999999995,0.8,50
9016,0.573,0.625,0.10520145882436951,0.45299999999999996,0.8,50
9024,0.5479999999999999,0.6,0.1052014588243695,0.428,0.8,50
9032,0.855,0.975,0.2424366106925305,0.495,2.4,50
9040,0.7899999999999998,0.8999999999999999,0.22223355980148632,0.55,1.6,50
9048,0.792,0.875,0.16777657640992896,0.5219999999999999,1.8,50
9056,0.7360000000000001,0.8,0.13036056746969316,0.466,1.8,50
9064,0.7070000000000001,0.75,0.08704912992332649,0.43700000000000006,1.8,50
9072,0.4,0.375,0.05050762722761061,0.37,0.2,50
9080,0.37799999999999995,0.325,0.11808851747390037,0.336,0.28,50
9088,0.348,0.325,0.06810855680605839,0.336,0.08,50
9096,0.405,0.375,0.06662413609349158,0.39299999999999996,0.08,50
9104,0.669,0.625,0.0969641212837333,0.477,1.28,50
9112,0.848,0.825,0.06810855680605839,0.536,2.08,50
9120,0.773,0.75,0.046795255297597704,0.473,2.0,50
9128,0.7559999999999999,0.725,0.06359951225586308,0.456,2.0,50
9136,0.75,0.75,0.0,0.45,2.0,50
9144,0.358,0.35,0.017083229633002045,0.358,0.0,50
9152,0.354,0.35,0.018461211404742977,0.354,0.0,50
9160,0.41100000000000003,0.425,0.030371845179241852,0.41100000000000003,0.0,50
9168,0.47600000000000003,0.475,0.038782491315709225,0.45799999999999996,0.12,50
9176,0.519,0.475,0.09930369826847293,0.4709999999999999,0.32,50
9184,0.6040000000000001,0.55,0.10965623464225992,0.544,0.4,50
9192,0.512,0.45,0.1253810518510086,0.452,0.4,50
9200,0.48,0.425,0.11111677990074317,0.42,0.4,50
9208,0.601,0.6,0.0443087497693452,0.439,1.08,50
9216,0.669,0.725,0.11958260743101393,0.41700000000000004,1.68,50
9224,0.615,0.675,0.12121830534626542,0.375,1.6,50
9232,0.72,0.8,0.16162440712835371,0.48,1.6,50
9240,0.6,0.625,0.05050762722761056,0.48,0.8,50
9248,0.521,0.525,0.009258200997725511,0.401,0.8,50
9256,0.395,0.375,0.041649656391752166,0.395,0.0,50
9264,0.428,0.425,0.008206518066482893,0.428,0.0,50
9272,0.318,0.3,0.03678398054166786,0.318,0.0,50
9280,0.38699999999999996,0.35,0.07630497349184931,0.357,0.2,50
9288,0.5619999999999999,0.575,0.026840420325794163,0.412,1.0,50
9296,0.538,0.525,0.05629731570068009,0.376,1.08,50
9304,0.47400000000000003,0.42500000000000004,0.10630145812734645,0.31200000000000006,1.08,50
9312,0.699,0.7,0.03878249131570923,0.41700000000000004,1.88,50
9320,0.637,0.675,0.08364160667602549,0.385,1.68,50
9328,0.517,0.55,0.06689925413696059,0.397,0.8,50
9336,0.525,0.55,0.050507627227610624,0.405,0.8,50
9344,0.5429999999999999,0.6,0.11529022827062957,0.42300000000000004,0.8,50
9352,0.365,0.375,0.02020305089104426,0.365,0.0,50
9360,0.434,0.45,0.034166459266004034,0.434,0.0,50
9368,0.413,0.375,0.07697070738870973,0.38299999999999995,0.2,50
9376,0.434,0.425,0.024619554199448685,0.40399999999999997,0.2,50
9384,0.48100000000000004,0.475,0.02055356367134025,0.451,0.2,50
9392,0.534,0.5,0.06957597521077669,0.474,0.4,50
9400,0.505,0.475,0.06662413609349165,0.45699999999999996,0.32,50
9408,0.547,0.55,0.008206518066482971,0.517,0.2,50
9416,0.566,0.575,0.024619554199448727,0.5359999999999999,0.2,50
9424,0.496,0.5,0.03956394978321779,0.478,0.12,50
9432,0.49200000000000005,0.5,0.017083229633002017,0.49200000000000005,0.0,50
9440,0.486,0.5,0.03505098327538658,0.486,0.0,50
9448,0.46199999999999997,0.475,0.02684042032579421,0.46199999999999997,0.0,50
9456,0.585,0.6,0.03194382824999688,0.465,0.8,50
9464,0.628,0.65,0.04701280763401237,0.508,0.8,50
9472,0.573,0.6,0.056658662900148406,0.45299999999999996,0.8,50
9480,0.522,0.525,0.008206518066482971,0.402,0.8,50
9488,0.40700000000000003,0.375,0.06488608542386158,0.40700000000000003,0.0,50
9496,0.42300000000000004,0.4,0.04679525529759771,0.42300000000000004,0.0,50
9504,0.5569999999999999,0.575,0.03678398054166777,0.43699999999999994,0.8,50
9512,0.62,0.65,0.060609152673132716,0.5,0.8,50
9520,0.62,0.65,0.060609152673132716,0.5,0.8,50
9528,0.7929999999999999,0.825,0.06488608542386153,0.523,1.8,50
9536,0.799,0.8500000000000001,0.10362806333326943,0.529,1.8,50
9544,1.5629999999999997,1.7999999999999998,0.47884427190339646,0.573,6.6,50
9552,1.678,1.9499999999999997,0.5495508370014365,0.568,7.4,50
9560,1.6649999999999998,1.9499999999999997,0.5757869503947599,0.555,7.4,50
9568,1.65,1.9749999999999999,0.6565991539589368,0.57,7.2,50
9576,1.0010000000000001,1.1,0.200316076769302,0.611,2.6,50
9584,0.89,0.95,0.12121830534626539,0.62,1.8,50
9592,0.926,0.9750000000000001,0.10630145812734647,0.638,1.92,50
9600,1.4939999999999998,1.6749999999999998,0.36834433757071394,0.7260000000000001,5.12,50
9608,1.331,1.425,0.1938177136446744,0.653,4.52,50
9616,1.456,1.35,0.2176263414428408,0.598,5.72,50
9624,1.3730000000000002,1.25,0.2507051280378797,0.515,5.72,50
9632,1.212,1.025,0.37783756362992277,0.46199999999999997,5.0,50
9640,0.67,0.325,0.6975540356510463,0.382,1.92,50
9648,0.6659999999999999,0.375,0.5953853151274289,0.43200000000000005,1.56,50
9656,0.46399999999999997,0.35,0.23058045654125908,0.40399999999999997,0.4,50
9664,0.534,0.425,0.2204911030645277,0.474,0.4,50
9672,0.609,0.45,0.35426555242170105,0.501,0.72,50
9680,0.615,0.475,0.3037184517924186,0.519,0.64,50
9688,0.5760000000000001,0.45,0.2733466066131767,0.48,0.64,50
9696,0.5579999999999999,0.45,0.24219658063950725,0.462,0.64,50
9704,0.4315,0.35,0.19198280641553203,0.3655,0.44,50
9712,0.34850000000000003,0.35,0.00784089228575006,0.34850000000000003,0.0,50
9720,0.6485,0.725,0.15472243086328782,0.40850000000000003,1.6,50
9728,0.8094999999999999,0.9249999999999999,0.23358835674785516,0.44949999999999996,2.4,50
9736,0.8454999999999999,0.95,0.21114906718105245,0.4855,2.4,50
9744,0.9079999999999999,1.025,0.2364404399265342,0.5479999999999999,2.4,50
9752,1.4180000000000001,1.675,0.47242967298674987,0.602,5.44,50
9760,1.093,1.275,0.3285341593769984,0.517,3.84,50
9768,0.9490000000000001,1.1,0.2719431213038672,0.493,3.04,50
9776,0.956,1.125,0.30449690859997053,0.5,3.04,50
9784,0.6080000000000001,0.675,0.12262436419357103,0.494,0.76,50
9792,0.7170000000000001,0.8,0.16777657640992896,0.47700000000000004,1.6,50
9800,0.902,0.975,0.18775255100307758,0.506,2.64,50
9808,0.925,0.975,0.1307357515551653,0.511,2.76,50
9816,0.9069999999999999,0.95,0.12403093754941853,0.493,2.76,50
9824,1.4679999999999997,1.45,0.06166069101402072,0.556,6.08,50
9832,1.535,1.5750000000000002,0.0854161481650103,0.527,6.72,50
9840,1.46,1.525,0.13420210162897098,0.602,5.72,50
9848,1.44,1.5,0.12433496561092305,0.582,5.72,50
9856,1.4509999999999998,1.525,0.16358234523771012,0.605,5.64,50
9864,0.735,0.725,0.020203050891044218,0.5549999999999999,1.2,50
9872,0.7340000000000001,0.725,0.02128523489393053,0.5539999999999999,1.2,50
9880,0.693,0.625,0.1374921148017335,0.483,1.4,50
9888,0.688,0.625,0.12739942011209454,0.478,1.4,50
9896,0.6829999999999999,0.575,0.23153436735246472,0.449,1.56,50
9904,0.647,0.55,0.24310071818831266,0.419,1.52,50
9912,0.6065,0.45,0.33200112183238056,0.4775,0.86,50
9920,0.6075,0.475,0.30431631301549855,0.4965,0.74,50
9928,0.6154999999999999,0.475,0.31618299080353657,0.5045,0.74,50
9936,0.5575,0.475,0.1757092043400001,0.5065,0.34,50
9944,0.5335,0.475,0.12054404733100178,0.5005,0.22,50
9952,0.478,0.425,0.10721902054834745,0.44799999999999995,0.2,50
9960,0.46399999999999997,0.425,0.08052126097738267,0.434,0.2,50
9968,0.495,0.475,0.040406101782088547,0.465,0.2,50
9976,0.505,0.5,0.010101525445522088,0.475,0.2,50
9984,0.645,0.7000000000000001,0.11111677990074323,0.525,0.8,50
9992,0.688,0.75,0.12538105185100856,0.568,0.8,50
10000,0.654,0.7000000000000001,0.09359051059519545,0.534,0.8,50
10008,0.64,0.675,0.07071067811865477,0.52,0.8,50
10016,0.633,0.675,0.0850330067967608,0.513,0.8,50
10024,0.494,0.5,0.020553563671340237,0.494,0.0,50
10032,0.419,0.425,0.016413036132965797,0.419,0.0,50
10040,0.435,0.425,0.020203050891044273,0.435,0.0,50
10048,0.43799999999999994,0.425,0.026840420325794246,0.43799999999999994,0.0,50
10056,0.47700000000000004,0.425,0.10520145882436957,0.447,0.2,50
10064,0.478,0.425,0.10933938924658551,0.44799999999999995,0.2,50
10072,0.508,0.45,0.1173082456172452,0.478,0.2,50
10080,0.549,0.525,0.04973398624436919,0.519,0.2,50
10088,0.511,0.475,0.07460097936655381,0.48100000000000004,0.2,50
10096,0.433,0.425,0.027404751561786993,0.433,0.0,50
10104,0.41800000000000004,0.4,0.036783980541667836,0.41800000000000004,0.0,50
10112,0.521,0.55,0.06089468995984889,0.401,0.8,50
10120,0.525,0.55,0.050507627227610624,0.405,0.8,50
10128,0.561,0.6,0.07956514466082468,0.441,0.8,50
10136,0.571,0.6,0.059624676442026306,0.451,0.8,50
10144,0.7730000000000001,0.8500000000000001,0.15566185224677875,0.533,1.6,50
10152,0.7070000000000001,0.75,0.08964783708421283,0.587,0.8,50
10160,0.7090000000000001,0.75,0.08447919681127154,0.589,0.8,50
10168,0.693,0.75,0.11529022827062956,0.573,0.8,50
10176,0.7060000000000001,0.775,0.139839558211603,0.586,0.8,50
10184,0.47200000000000003,0.5,0.05683847504022215,0.47200000000000003,0.0,50
10192,0.47200000000000003,0.45,0.044789758304545395,0.442,0.2,50
10200,0.567,0.575,0.017083229633001958,0.41700000000000004,1.0,50
10208,0.6,0.6,0.0,0.45,1.0,50
10216,0.601,0.575,0.06869037302955035,0.439,1.08,50
10224,0.628,0.575,0.11210417895321975,0.46,1.12,50
10232,0.624,0.6,0.04973398624436919,0.474,1.0,50
10240,0.47700000000000004,0.4,0.15566185224677867,0.447,0.2,50
10248,0.457,0.375,0.16575738355826458,0.42700000000000005,0.2,50
10256,0.42800000000000005,0.4,0.05683847504022222,0.42800000000000005,0.0,50
10264,0.436,0.4,0.08240021795096997,0.41800000000000004,0.12,50
10272,0.384,0.35,0.08171628369185768,0.366,0.12,50
10280,0.45400000000000007,0.4,0.11773370158878005,0.406,0.32,50
10288,0.45300000000000007,0.4,0.11210417895321975,0.405,0.32,50
10296,0.441,0.375,0.13885096988042497,0.39299999999999996,0.32,50
10304,0.40700000000000003,0.375,0.06488608542386158,0.377,0.2,50
10312,0.548,0.55,0.033441999744913214,0.41,0.92,50
10320,0.514,0.55,0.07356796108333566,0.39399999999999996,0.8,50
10328,0.49800000000000005,0.525,0.05482811732112996,0.37799999999999995,0.8,50
10336,0.49700000000000005,0.525,0.05683847504022215,0.377,0.8,50
10344,0.5459999999999999,0.575,0.05962467644202628,0.426,0.8,50
10352,0.398,0.4,0.006851187890446726,0.398,0.0,50
10360,0.368,0.35,0.03678398054166787,0.368,0.0,50
10368,0.68,0.75,0.14142135623730956,0.44,1.6,50
10376,0.838,0.95,0.22634180401529438,0.478,2.4,50
10384,0.848,0.9249999999999999,0.15566185224677864,0.45799999999999996,2.6,50
10392,0.85,0.9249999999999999,0.15152288168283162,0.46,2.6,50
10400,0.88,0.975,0.19192898346492002,0.49,2.6,50
10408,0.544,0.55,0.01293626448305344,0.39399999999999996,1.0,50
10416,0.968,1.075,0.2162434380271362,0.45799999999999996,3.4,50
10424,0.9780000000000001,1.1,0.2487027567689787,0.48,3.32,50
10432,0.991,1.125,0.27347723107850735,0.49300000000000005,3.32,50
10440,1.01,1.1,0.1839199027083392,0.488,3.48,50
10448,0.812,0.8,0.047444919729758894,0.494,2.12,50
10456,0.573,0.45,0.2507051280378801,0.465,0.72,50
10464,0.5529999999999999,0.45,0.20816496597944734,0.463,0.6,50
10472,0.54,0.425,0.2323350852470084,0.45,0.6,50
10480,0.496,0.475,0.04384574072349383,0.466,0.2,50
10488,0.555,0.475,0.16397486118927143,0.477,0.52,50
10496,0.5469999999999999,0.425,0.24653931259144296,0.42699999999999994,0.8,50
10504,0.537,0.4,0.27683709200575735,0.41700000000000004,0.8,50
10512,0.532,0.4,0.26673766061776266,0.41200000000000003,0.8,50
10520,0.545,0.4,0.2929442379201412,0.425,0.8,50
10528,0.42800000000000005,0.4,0.06558994447570858,0.41,0.12,50
10536,0.43799999999999994,0.425,0.026840420325794246,0.43799999999999994,0.0,50
10544,0.444,0.45,0.016413036132965797,0.444,0.0,50
10552,0.472,0.475,0.00820651806648289,0.472,0.0,50
10560,0.617,0.65,0.06689925413696064,0.49700000000000005,0.8,50
10568,0.6729999999999999,0.725,0.10520145882436956,0.5529999999999999,0.8,50
10576,0.757,0.8500000000000001,0.1879698195488427,0.517,1.6,50
10584,0.767,0.8500000000000001,0.16913947873073903,0.527,1.6,50
10592,0.644,0.7000000000000001,0.11434819720521017,0.524,0.8,50
10600,0.623,0.675,0.10520145882436956,0.503,0.8,50
10608,0.495,0.525,0.060609152673132716,0.495,0.0,50
10616,0.516,0.525,0.021285234893930485,0.516,0.0,50
10624,0.5455,0.575,0.060754188568126116,0.5455,0.0,50
10632,0.5525000000000001,0.55,0.05031786715573349,0.5405000000000001,0.08,50
10640,0.4935,0.475,0.054821137737711585,0.4815,0.08,50
10648,0.4775,0.425,0.13240803508511884,0.4535,0.16,50
10656,0.6245,0.625,0.08306777414882874,0.4805,0.96,50
10664,0.543,0.525,0.08557130932498246,0.39899999999999997,0.96,50
10672,0.489,0.475,0.04795831523312727,0.35700000000000004,0.88,50
10680,0.533,0.525,0.052352806290881994,0.401,0.88,50
10688,0.5589999999999999,0.575,0.03416645926600397,0.439,0.8,50
10696,0.426,0.4,0.055088055670453794,0.426,0.0,50
10704,0.474,0.45,0.04973398624436924,0.474,0.0,50
10712,0.515,0.525,0.02020305089104424,0.515,0.0,50
10720,0.49700000000000005,0.525,0.05683847504022215,0.49700000000000005,0.0,50
10728,0.484,0.475,0.042785654662491235,0.472,0.08,50
10736,0.472,0.475,0.0337457480314792,0.46,0.08,50
10744,0.435,0.45,0.04103259033241451,0.42300000000000004,0.08,50
10752,0.461,0.475,0.052527932316714945,0.449,0.08,50
10760,0.4595,0.45,0.04252550255255001,0.4475,0.08,50
10768,0.4325,0.45,0.035803460099577585,0.4325,0.0,50
10776,0.5655,0.6,0.06978282637685904,0.44549999999999995,0.8,50
10784,0.6145,0.65,0.07250791652767086,0.49450000000000005,0.8,50
10792,0.5565,0.575,0.04066099268993079,0.4365,0.8,50
10800,0.5429999999999999,0.575,0.06833291853200799,0.423,0.8,50
10808,0.5660000000000001,0.6,0.07066737260589502,0.446,0.8,50
10816,0.45599999999999996,0.475,0.041820803338012746,0.45599999999999996,0.0,50
10824,0.474,0.475,0.01124858267715974,0.474,0.0,50
10832,0.6535000000000001,0.7000000000000001,0.09422211058158797,0.5335,0.8,50
10840,0.6595,0.7000000000000001,0.08374067112222117,0.5395,0.8,50
10848,0.6335000000000001,0.675,0.08415395270040525,0.5135000000000001,0.8,50
10856,0.6385000000000001,0.625,0.028216546021576736,0.4885,1.0,50
10864,0.8865,0.95,0.1288894875465023,0.4965,2.6,50
10872,0.723,0.75,0.05482811732112995,0.45299999999999996,1.8,50
10880,0.7170000000000001,0.75,0.06689925413696064,0.447,1.8,50
10888,0.711,0.75,0.08779614607319695,0.45299999999999996,1.72,50
10896,0.718,0.7749999999999999,0.11529022827062954,0.478,1.6,50
10904,0.474,0.45,0.062056590368495694,0.462,0.08,50
10912,0.47600000000000003,0.45,0.06869037302955038,0.46399999999999997,0.08,50
10920,0.637,0.65,0.04233009254294019,0.505,0.88,50
10928,0.6510000000000001,0.675,0.06565214453186327,0.519,0.88,50
10936,0.647,0.65,0.11634747394712765,0.491,1.04,50
10944,0.6729999999999999,0.65,0.046795255297597635,0.493,1.2,50
10952,0.6990000000000001,0.675,0.05124968889900609,0.519,1.2,50
10960,0.556,0.5,0.1136769500804443,0.496,0.4,50
10968,0.539,0.475,0.13036056746969316,0.479,0.4,50
10976,0.49700000000000005,0.5,0.02294625486315572,0.49700000000000005,0.0,50
10984,0.598,0.625,0.05482811732112995,0.478,0.8,50
10992,1.128,1.25,0.24653931259144285,0.498,4.2,50
11000,1.095,1.2,0.2121320343559642,0.465,4.2,50
11008,1.238,1.375,0.27683709200575707,0.488,5.0,50
11016,1.25,1.4,0.30304576336566325,0.5,5.0,50
11024,0.828,0.875,0.09511539715267035,0.43799999999999994,2.6,50
11032,0.519,0.525,0.01641303613296579,0.39899999999999997,0.8,50
11040,0.535,0.55,0.030304576336566365,0.415,0.8,50
11048,0.49200000000000005,0.5,0.017083229633002017,0.37199999999999994,0.8,50
11056,0.472,0.475,0.00820651806648289,0.35200000000000004,0.8,50
11064,0.577,0.475,0.23656987577130134,0.361,1.44,50
11072,0.5770000000000001,0.5,0.19416487838947596,0.361,1.44,50
11080,0.4759999999999999,0.35,0.29799328851502677,0.368,0.72,50
11088,0.5379999999999999,0.4,0.2979624685309565,0.41200000000000003,0.84,50
11096,0.504,0.375,0.2689435112526382,0.39,0.76,50
11104,0.6195,0.65,0.06253366440305158,0.46950000000000003,1.0,50
11112,0.6235,0.65,0.05402427647807602,0.47350000000000003,1.0,50
11120,0.6225,0.675,0.11091571538049678,0.49050000000000005,0.88,50
11128,0.9184999999999998,1.0499999999999998,0.2701478242347613,0.5465,2.48,50
11136,0.9765,1.125,0.303147182546225,0.6045,2.48,50
11144,1.334,1.575,0.488431475360105,0.602,4.88,50
11152,1.589,1.875,0.579103811496519,0.617,6.48,50
11160,1.5979999999999999,1.9,0.610157222963634,0.638,6.4,50
11168,1.3159999999999998,1.5499999999999998,0.47288087985306865,0.596,4.8,50
11176,0.98,1.075,0.19192898346492002,0.59,2.6,50
11184,1.0210000000000001,1.1,0.15998724438950415,0.631,2.6,50
11192,0.991,1.075,0.1700660135935215,0.601,2.6,50
11200,0.7100000000000001,0.7000000000000001,0.012909944487358006,0.5599999999999999,1.0,10
11208,1.085,1.075,0.012909944487358088,0.635,3.0,10
11216,1.6800000000000002,1.75,0.09036961141150644,0.6900000000000001,6.6,10
11224,1.9799999999999998,2.05,0.09036961141150637,0.6900000000000001,8.6,10
11232,2.0,2.05,0.06454972243679033,0.71,8.6,10
11240,1.7449999999999999,1.875,0.16782927833565484,0.665,7.2,10
11248,1.67,1.75,0.10327955589886455,0.6799999999999999,6.6,10
11256,1.25,1.25,0.0,0.65,4.0,10
11264,1.0624999999999998,1.0625,0.013176156917368351,0.6125,3.0,10
11272,1.0425,1.0625,0.037360852952433174,0.5925,3.0,10
11280,1.02,1.0499999999999998,0.06101001739241038,0.5700000000000001,3.0,10
11288,0.9399999999999998,0.9375,0.017480147469502553,0.49000000000000005,3.0,10
11296,0.545,0.6125,0.10394977419675118,0.45499999999999996,0.6,10
11304,1.0825,1.1,0.028987545218210252,0.48250000000000004,4.0,10
11312,1.0775000000000001,1.075,0.007905694150420924,0.4774999999999999,4.0,10
11320,1.035,1.025,0.03763863263545406,0.43499999999999994,4.0,10
11328,1.0375,1.0375,0.039528470752104625,0.4375,4.0,10
11336,0.9974999999999999,1.0,0.02993047499344656,0.3975,4.0,10
11344,0.4525,0.4625,0.10701116244994677,0.37750000000000006,0.5,10
11352,0.6,0.575,0.1148670729340852,0.40499999999999997,1.3,10
11360,0.645,0.625,0.12845232578665125,0.45,1.3,10
11368,0.635,0.575,0.13498971154211054,0.43999999999999995,1.3,10
11376,0.8275,0.55,0.41238634797965856,0.4525,2.5,10
11384,0.7,0.3,0.5163977794943222,0.4,2.0,10
11392,0.55,0.275,0.3660980439414799,0.37,1.2,10
11400,0.5549999999999999,0.275,0.36147844564602555,0.375,1.2,10
11408,0.3675,0.2,0.22175123700018254,0.3075,0.4,10
11416,0.26,0.15,0.14200938936093863,0.26,0.0,10
11424,0.21749999999999997,0.15,0.09283348294422415,0.21749999999999997,0.0,10
11432,0.23500000000000001,0.175,0.07745966692414835,0.23500000000000001,0.0,10
11440,0.2325,0.21250000000000002,0.03736085295243316,0.2325,0.0,10
11448,0.495,0.625,0.1678292783356547,0.315,1.2,10
11456,0.5075000000000001,0.675,0.2217512370001825,0.3275,1.2,10
11464,0.5700000000000001,0.725,0.29528705431231556,0.36,1.4,10
11472,0.8550000000000001,1.25,0.5209233255586768,0.40499999999999997,3.0,10
11480,0.945,1.275,0.4260281680828158,0.43499999999999994,3.4,10
11488,0.7699999999999999,0.95,0.23237900077244497,0.44000000000000006,2.2,10
11496,0.775,0.975,0.2581988897471611,0.445,2.2,10
11504,0.5900000000000001,0.6,0.037638632635454077,0.44000000000000006,1.0,10
11512,0.45,0.4,0.06454972243679027,0.39,0.4,10
11520,0.315,0.325,0.012909944487358084,0.315,0.0,10
11528,0.2675,0.275,0.01687371394276383,0.2675,0.0,10
11536,0.28250000000000003,0.275,0.016873713942763813,0.28250000000000003,0.0,10
11544,0.27999999999999997,0.3,0.025819888974716126,0.27999999999999997,0.0,10
11552,0.27,0.275,0.01581138830084191,0.27,0.0,10
11560,0.2875,0.25,0.054326686710022075,0.2875,0.0,10
11568,0.39,0.25,0.18073922282301277,0.32999999999999996,0.4,10
11576,0.5075000000000001,0.4375,0.10141361951050863,0.35750000000000004,1.0,10
11584,0.55,0.5,0.06454972243679027,0.4,1.0,10
11592,0.5225,0.46249999999999997,0.08854534306093,0.37249999999999994,1.0,10
11600,0.5599999999999999,0.5375000000000001,0.04116363011742815,0.41,1.0,10
11608,0.4875,0.5,0.05921946001479956,0.38249999999999995,0.7,10
11616,0.355,0.275,0.11832159566199232,0.33999999999999997,0.1,10
11624,0.3125,0.21250000000000002,0.151497158022482,0.2975,0.1,10
11632,0.35250000000000004,0.275,0.12044477757231503,0.3375,0.1,10
11640,0.33999999999999997,0.225,0.16210421887717105,0.325,0.1,10
11648,0.32999999999999996,0.3,0.03872983346207418,0.32999999999999996,0.0,10
11656,0.35,0.35,0.0,0.35,0.0,10
11664,0.54375,0.575,0.06648039453209384,0.43125,0.75,8
11672,0.64375,0.6,0.08100925873009822,0.475,1.125,8
11680,0.65,0.65,0.0,0.5,1.0,6
11688,0.6041666666666666,0.6,0.010206207261596644,0.45416666666666666,1.0,6
11696,0.575,0.575,0.0,0.425,1.0,6
11704,0.425,0.425,0.0,0.425,0.0,6
11712,0.6,0.6,0.0,0.45,1.0,6
11720,0.5791666666666666,0.575,0.010206207261596557,0.4291666666666667,1.0,6
11728,0.6,0.6,0.0,0.45,1.0,6
11736,0.625,0.625,0.0,0.4749999999999999,1.0,6
11744,0.5416666666666666,0.575,0.0816496580927726,0.4166666666666667,0.8333333333333334,6
11752,0.3499999999999999,0.35,0.0,0.3499999999999999,0.0,6
11760,0.4000000000000001,0.4,0.0,0.4000000000000001,0.0,6
11768,0.7541666666666668,0.75,0.010206207261596541,0.45416666666666666,2.0,6
11776,1.6291666666666667,1.625,0.010206207261596578,0.5791666666666666,7.0,6
11784,1.679166666666667,1.675,0.010206207261596543,0.6291666666666667,7.0,6
